Stats	Level	HP	Attack	Defense	Sp. Attack	Sp. Defense	Speed
Max StatsBeneficial Nature	Lv. 100	200 - 294	113 - 216	113 - 216	148 - 251	148 - 251	104 - 207
Max StatsBeneficial Nature	Lv. 100	230 - 324	141 - 245	144 - 247	181 - 284	181 - 284	137 - 240
Max StatsBeneficial Nature	Lv. 100	270 - 364	185 - 289	188 - 291	225 - 328	225 - 328	181 - 284
Max StatsBeneficial Nature	Lv. 100	188 - 282	119 - 223	100 - 203	137 - 240	115 - 218	148 - 251
Max StatsBeneficial Nature	Lv. 100	226 - 320	146 - 249	133 - 236	181 - 284	148 - 251	181 - 284
Max StatsBeneficial Nature	Lv. 100	266 - 360	190 - 293	177 - 280	245 - 348	192 - 295	225 - 328
Max StatsBeneficial Nature	Lv. 100	198 - 292	111 - 214	148 - 251	115 - 218	146 - 249	100 - 203
Max StatsBeneficial Nature	Lv. 100	228 - 322	144 - 247	181 - 284	148 - 251	181 - 284	133 - 236
Max StatsBeneficial Nature	Lv. 100	268 - 362	188 - 291	225 - 328	192 - 295	236 - 339	177 - 280
Max StatsBeneficial Nature	Lv. 100	200 - 294	71 - 174	82 - 185	49 - 152	49 - 152	104 - 207
Max StatsBeneficial Nature	Lv. 100	210 - 304	49 - 152	126 - 229	60 - 163	60 - 163	71 - 174
Max StatsBeneficial Nature	Lv. 100	230 - 324	104 - 207	115 - 218	203 - 306	181 - 284	159 - 262
Max StatsBeneficial Nature	Lv. 100	190 - 284	82 - 185	71 - 174	49 - 152	49 - 152	115 - 218
Max StatsBeneficial Nature	Lv. 100	200 - 294	60 - 163	115 - 218	60 - 163	60 - 163	82 - 185
Max StatsBeneficial Nature	Lv. 100	240 - 334	203 - 306	93 - 196	104 - 207	181 - 284	170 - 273
Max StatsBeneficial Nature	Lv. 100	190 - 284	104 - 207	93 - 196	82 - 185	82 - 185	128 - 232
Max StatsBeneficial Nature	Lv. 100	236 - 330	137 - 240	126 - 229	115 - 218	115 - 218	161 - 265
Max StatsBeneficial Nature	Lv. 100	276 - 370	181 - 284	170 - 273	159 - 262	159 - 262	227 - 331
Max StatsBeneficial Nature	Lv. 100	170 - 264	128 - 232	82 - 185	60 - 163	82 - 185	163 - 267
Max StatsBeneficial Nature	Lv. 100	220 - 314	183 - 287	137 - 240	115 - 218	159 - 262	218 - 322
Max StatsBeneficial Nature	Lv. 100	190 - 284	137 - 240	71 - 174	73 - 177	73 - 177	159 - 262
Max StatsBeneficial Nature	Lv. 100	240 - 334	203 - 306	148 - 251	139 - 243	139 - 243	225 - 328
Max StatsBeneficial Nature	Lv. 100	180 - 274	137 - 240	102 - 205	93 - 196	124 - 227	126 - 229
Max StatsBeneficial Nature	Lv. 100	230 - 324	214 - 317	157 - 260	148 - 251	179 - 282	181 - 284
Max StatsBeneficial Nature	Lv. 100	180 - 274	126 - 229	93 - 196	115 - 218	115 - 218	203 - 306
Max StatsBeneficial Nature	Lv. 100	230 - 324	203 - 306	126 - 229	203 - 306	181 - 284	247 - 350
Max StatsBeneficial Nature	Lv. 100	210 - 304	170 - 273	192 - 295	49 - 152	71 - 174	93 - 196
Max StatsBeneficial Nature	Lv. 100	260 - 354	225 - 328	247 - 350	104 - 207	126 - 229	148 - 251
Max StatsBeneficial Nature	Lv. 100	220 - 314	108 - 212	119 - 223	93 - 196	93 - 196	95 - 199
Max StatsBeneficial Nature	Lv. 100	250 - 344	141 - 245	152 - 256	126 - 229	126 - 229	128 - 232
Max StatsBeneficial Nature	Lv. 100	290 - 384	207 - 311	196 - 300	170 - 273	192 - 295	172 - 276
Max StatsBeneficial Nature	Lv. 100	202 - 296	130 - 234	93 - 196	93 - 196	93 - 196	115 - 218
Max StatsBeneficial Nature	Lv. 100	232 - 326	163 - 267	130 - 234	126 - 229	126 - 229	148 - 251
Max StatsBeneficial Nature	Lv. 100	272 - 366	229 - 333	174 - 278	192 - 295	170 - 273	192 - 295
Max StatsBeneficial Nature	Lv. 100	250 - 344	104 - 207	111 - 214	137 - 240	148 - 251	82 - 185
Max StatsBeneficial Nature	Lv. 100	300 - 394	159 - 262	166 - 269	214 - 317	203 - 306	137 - 240
Max StatsBeneficial Nature	Lv. 100	186 - 280	95 - 199	93 - 196	115 - 218	148 - 251	148 - 251
Max StatsBeneficial Nature	Lv. 100	256 - 350	172 - 276	170 - 273	183 - 287	225 - 328	225 - 328
Max StatsBeneficial Nature	Lv. 100	340 - 434	104 - 207	49 - 152	104 - 207	60 - 163	49 - 152
Max StatsBeneficial Nature	Lv. 100	390 - 484	159 - 262	104 - 207	192 - 295	115 - 218	104 - 207
Max StatsBeneficial Nature	Lv. 100	190 - 284	104 - 207	82 - 185	71 - 174	93 - 196	126 - 229
Max StatsBeneficial Nature	Lv. 100	260 - 354	181 - 284	159 - 262	148 - 251	170 - 273	203 - 306
Max StatsBeneficial Nature	Lv. 100	200 - 294	115 - 218	126 - 229	170 - 273	148 - 251	71 - 174
Max StatsBeneficial Nature	Lv. 100	230 - 324	148 - 251	159 - 262	192 - 295	170 - 273	93 - 196
Max StatsBeneficial Nature	Lv. 100	260 - 354	181 - 284	192 - 295	247 - 350	203 - 306	115 - 218
Max StatsBeneficial Nature	Lv. 100	180 - 274	159 - 262	126 - 229	104 - 207	126 - 229	60 - 163
Max StatsBeneficial Nature	Lv. 100	230 - 324	214 - 317	181 - 284	137 - 240	181 - 284	71 - 174
Max StatsBeneficial Nature	Lv. 100	230 - 324	126 - 229	115 - 218	93 - 196	126 - 229	104 - 207
Max StatsBeneficial Nature	Lv. 100	250 - 344	148 - 251	137 - 240	203 - 306	170 - 273	203 - 306
Max StatsBeneficial Nature	Lv. 100	130 - 224	126 - 229	60 - 163	82 - 185	104 - 207	214 - 317
Max StatsBeneficial Nature	Lv. 100	180 - 274	225 - 328	115 - 218	115 - 218	159 - 262	269 - 372
Max StatsBeneficial Nature	Lv. 100	190 - 284	104 - 207	82 - 185	93 - 196	93 - 196	203 - 306
Max StatsBeneficial Nature	Lv. 100	240 - 334	159 - 262	137 - 240	148 - 251	148 - 251	258 - 361
Max StatsBeneficial Nature	Lv. 100	210 - 304	119 - 223	111 - 214	148 - 251	115 - 218	126 - 229
Max StatsBeneficial Nature	Lv. 100	270 - 364	185 - 289	177 - 280	214 - 317	181 - 284	192 - 295
Max StatsBeneficial Nature	Lv. 100	190 - 284	181 - 284	82 - 185	82 - 185	104 - 207	159 - 262
Max StatsBeneficial Nature	Lv. 100	240 - 334	236 - 339	137 - 240	137 - 240	159 - 262	214 - 317
Max StatsBeneficial Nature	Lv. 100	220 - 314	159 - 262	104 - 207	159 - 262	115 - 218	137 - 240
Max StatsBeneficial Nature	Lv. 100	290 - 384	247 - 350	181 - 284	225 - 328	181 - 284	214 - 317
Max StatsBeneficial Nature	Lv. 100	190 - 284	115 - 218	93 - 196	93 - 196	93 - 196	203 - 306
Max StatsBeneficial Nature	Lv. 100	240 - 334	148 - 251	148 - 251	115 - 218	115 - 218	203 - 306
Max StatsBeneficial Nature	Lv. 100	290 - 384	214 - 317	214 - 317	159 - 262	203 - 306	159 - 262
Max StatsBeneficial Nature	Lv. 100	160 - 254	49 - 152	38 - 141	236 - 339	126 - 229	203 - 306
Max StatsBeneficial Nature	Lv. 100	190 - 284	82 - 185	71 - 174	269 - 372	159 - 262	236 - 339
Max StatsBeneficial Nature	Lv. 100	220 - 314	115 - 218	104 - 207	302 - 405	214 - 317	269 - 372
Max StatsBeneficial Nature	Lv. 100	250 - 344	181 - 284	115 - 218	82 - 185	82 - 185	82 - 185
Max StatsBeneficial Nature	Lv. 100	270 - 364	225 - 328	159 - 262	115 - 218	137 - 240	104 - 207
Max StatsBeneficial Nature	Lv. 100	290 - 384	291 - 394	181 - 284	148 - 251	192 - 295	126 - 229
Max StatsBeneficial Nature	Lv. 100	210 - 304	170 - 273	82 - 185	159 - 262	71 - 174	93 - 196
Max StatsBeneficial Nature	Lv. 100	240 - 334	203 - 306	115 - 218	192 - 295	104 - 207	126 - 229
Max StatsBeneficial Nature	Lv. 100	270 - 364	236 - 339	148 - 251	225 - 328	159 - 262	159 - 262
Max StatsBeneficial Nature	Lv. 100	190 - 284	93 - 196	82 - 185	115 - 218	225 - 328	159 - 262
Max StatsBeneficial Nature	Lv. 100	270 - 364	159 - 262	148 - 251	181 - 284	269 - 372	225 - 328
Max StatsBeneficial Nature	Lv. 100	190 - 284	181 - 284	225 - 328	71 - 174	71 - 174	49 - 152
Max StatsBeneficial Nature	Lv. 100	220 - 314	214 - 317	258 - 361	104 - 207	104 - 207	82 - 185
Max StatsBeneficial Nature	Lv. 100	270 - 364	269 - 372	291 - 394	126 - 229	148 - 251	104 - 207
Max StatsBeneficial Nature	Lv. 100	210 - 304	192 - 295	126 - 229	148 - 251	148 - 251	203 - 306
Max StatsBeneficial Nature	Lv. 100	240 - 334	225 - 328	159 - 262	181 - 284	181 - 284	236 - 339
Max StatsBeneficial Nature	Lv. 100	290 - 384	148 - 251	148 - 251	93 - 196	93 - 196	38 - 141
Max StatsBeneficial Nature	Lv. 100	300 - 394	170 - 273	247 - 350	225 - 328	181 - 284	71 - 174
Max StatsBeneficial Nature	Lv. 100	160 - 254	82 - 185	159 - 262	214 - 317	126 - 229	104 - 207
Max StatsBeneficial Nature	Lv. 100	210 - 304	137 - 240	214 - 317	269 - 372	159 - 262	159 - 262
Max StatsBeneficial Nature	Lv. 100	214 - 308	203 - 306	126 - 229	133 - 236	141 - 245	137 - 240
Max StatsBeneficial Nature	Lv. 100	180 - 274	192 - 295	104 - 207	82 - 185	82 - 185	170 - 273
Max StatsBeneficial Nature	Lv. 100	230 - 324	247 - 350	159 - 262	137 - 240	137 - 240	247 - 350
Max StatsBeneficial Nature	Lv. 100	240 - 334	104 - 207	126 - 229	104 - 207	159 - 262	104 - 207
Max StatsBeneficial Nature	Lv. 100	290 - 384	159 - 262	181 - 284	159 - 262	214 - 317	159 - 262
Max StatsBeneficial Nature	Lv. 100	270 - 364	181 - 284	115 - 218	93 - 196	115 - 218	60 - 163
Max StatsBeneficial Nature	Lv. 100	320 - 414	236 - 339	170 - 273	148 - 251	225 - 328	115 - 218
Max StatsBeneficial Nature	Lv. 100	170 - 264	148 - 251	225 - 328	104 - 207	60 - 163	93 - 196
Max StatsBeneficial Nature	Lv. 100	210 - 304	214 - 317	401 - 504	192 - 295	104 - 207	159 - 262
Max StatsBeneficial Nature	Lv. 100	170 - 264	82 - 185	71 - 174	225 - 328	82 - 185	181 - 284
Max StatsBeneficial Nature	Lv. 100	200 - 294	115 - 218	104 - 207	258 - 361	126 - 229	214 - 317
Max StatsBeneficial Nature	Lv. 100	230 - 324	148 - 251	137 - 240	291 - 394	170 - 273	247 - 350
Max StatsBeneficial Nature	Lv. 100	180 - 274	104 - 207	357 - 460	71 - 174	104 - 207	159 - 262
Max StatsBeneficial Nature	Lv. 100	230 - 324	111 - 214	104 - 207	100 - 203	203 - 306	97 - 201
Max StatsBeneficial Nature	Lv. 100	280 - 374	166 - 269	159 - 262	166 - 269	258 - 361	152 - 256
Max StatsBeneficial Nature	Lv. 100	170 - 264	236 - 339	203 - 306	60 - 163	60 - 163	115 - 218
Max StatsBeneficial Nature	Lv. 100	220 - 314	291 - 394	258 - 361	115 - 218	115 - 218	170 - 273
Max StatsBeneficial Nature	Lv. 100	190 - 284	71 - 174	115 - 218	126 - 229	126 - 229	225 - 328
Max StatsBeneficial Nature	Lv. 100	230 - 324	115 - 218	159 - 262	181 - 284	181 - 284	335 - 438
Max StatsBeneficial Nature	Lv. 100	230 - 324	93 - 196	181 - 284	137 - 240	104 - 207	93 - 196
Max StatsBeneficial Nature	Lv. 100	300 - 394	214 - 317	192 - 295	280 - 383	170 - 273	126 - 229
Max StatsBeneficial Nature	Lv. 100	210 - 304	115 - 218	214 - 317	93 - 196	115 - 218	82 - 185
Max StatsBeneficial Nature	Lv. 100	230 - 324	181 - 284	247 - 350	115 - 218	181 - 284	104 - 207
Max StatsBeneficial Nature	Lv. 100	210 - 304	269 - 372	122 - 225	82 - 185	247 - 350	196 - 300
Max StatsBeneficial Nature	Lv. 100	210 - 304	236 - 339	179 - 282	82 - 185	247 - 350	172 - 276
Max StatsBeneficial Nature	Lv. 100	290 - 384	126 - 229	170 - 273	137 - 240	170 - 273	71 - 174
Max StatsBeneficial Nature	Lv. 100	190 - 284	148 - 251	214 - 317	137 - 240	104 - 207	82 - 185
Max StatsBeneficial Nature	Lv. 100	240 - 334	203 - 306	269 - 372	192 - 295	159 - 262	137 - 240
Max StatsBeneficial Nature	Lv. 100	270 - 364	192 - 295	214 - 317	71 - 174	71 - 174	60 - 163
Max StatsBeneficial Nature	Lv. 100	320 - 414	291 - 394	269 - 372	104 - 207	104 - 207	93 - 196
Max StatsBeneficial Nature	Lv. 100	610 - 704	16 - 119	16 - 119	82 - 185	236 - 339	115 - 218
Max StatsBeneficial Nature	Lv. 100	240 - 334	126 - 229	258 - 361	225 - 328	93 - 196	137 - 240
Max StatsBeneficial Nature	Lv. 100	320 - 414	214 - 317	181 - 284	93 - 196	181 - 284	203 - 306
Max StatsBeneficial Nature	Lv. 100	170 - 264	93 - 196	159 - 262	159 - 262	60 - 163	137 - 240
Max StatsBeneficial Nature	Lv. 100	220 - 314	148 - 251	214 - 317	214 - 317	104 - 207	192 - 295
Max StatsBeneficial Nature	Lv. 100	200 - 294	152 - 256	137 - 240	82 - 185	115 - 218	144 - 247
Max StatsBeneficial Nature	Lv. 100	270 - 364	207 - 311	148 - 251	148 - 251	181 - 284	155 - 258
Max StatsBeneficial Nature	Lv. 100	170 - 264	104 - 207	126 - 229	159 - 262	126 - 229	192 - 295
Max StatsBeneficial Nature	Lv. 100	230 - 324	170 - 273	192 - 295	225 - 328	192 - 295	258 - 361
Max StatsBeneficial Nature	Lv. 100	190 - 284	104 - 207	148 - 251	225 - 328	269 - 372	203 - 306
Max StatsBeneficial Nature	Lv. 100	250 - 344	247 - 350	181 - 284	126 - 229	181 - 284	236 - 339
Max StatsBeneficial Nature	Lv. 100	240 - 334	115 - 218	82 - 185	258 - 361	214 - 317	214 - 317
Max StatsBeneficial Nature	Lv. 100	240 - 334	188 - 291	130 - 234	214 - 317	192 - 295	236 - 339
Max StatsBeneficial Nature	Lv. 100	240 - 334	214 - 317	130 - 234	225 - 328	192 - 295	210 - 313
Max StatsBeneficial Nature	Lv. 100	240 - 334	280 - 383	225 - 328	126 - 229	159 - 262	192 - 295
Max StatsBeneficial Nature	Lv. 100	260 - 354	225 - 328	214 - 317	93 - 196	159 - 262	247 - 350
Max StatsBeneficial Nature	Lv. 100	150 - 244	27 - 130	126 - 229	38 - 141	49 - 152	181 - 284
Max StatsBeneficial Nature	Lv. 100	300 - 394	280 - 383	179 - 282	137 - 240	225 - 328	183 - 287
Max StatsBeneficial Nature	Lv. 100	370 - 464	192 - 295	181 - 284	192 - 295	214 - 317	137 - 240
Max StatsBeneficial Nature	Lv. 100	206 - 300	111 - 214	111 - 214	111 - 214	111 - 214	111 - 214
Max StatsBeneficial Nature	Lv. 100	220 - 314	126 - 229	115 - 218	104 - 207	148 - 251	126 - 229
Max StatsBeneficial Nature	Lv. 100	370 - 464	148 - 251	137 - 240	247 - 350	214 - 317	148 - 251
Max StatsBeneficial Nature	Lv. 100	240 - 334	148 - 251	137 - 240	247 - 350	214 - 317	291 - 394
Max StatsBeneficial Nature	Lv. 100	240 - 334	291 - 394	137 - 240	214 - 317	247 - 350	148 - 251
Max StatsBeneficial Nature	Lv. 100	240 - 334	137 - 240	159 - 262	192 - 295	170 - 273	93 - 196
Max StatsBeneficial Nature	Lv. 100	180 - 274	93 - 196	225 - 328	203 - 306	126 - 229	82 - 185
Max StatsBeneficial Nature	Lv. 100	250 - 344	137 - 240	280 - 383	258 - 361	159 - 262	126 - 229
Max StatsBeneficial Nature	Lv. 100	170 - 264	181 - 284	203 - 306	126 - 229	104 - 207	126 - 229
Max StatsBeneficial Nature	Lv. 100	230 - 324	258 - 361	236 - 339	148 - 251	159 - 262	181 - 284
Max StatsBeneficial Nature	Lv. 100	270 - 364	236 - 339	148 - 251	137 - 240	170 - 273	291 - 394
Max StatsBeneficial Nature	Lv. 100	430 - 524	247 - 350	148 - 251	148 - 251	247 - 350	71 - 174
Max StatsBeneficial Nature	Lv. 100	290 - 384	192 - 295	225 - 328	214 - 317	280 - 383	192 - 295
Max StatsBeneficial Nature	Lv. 100	290 - 384	203 - 306	192 - 295	280 - 383	203 - 306	225 - 328
Max StatsBeneficial Nature	Lv. 100	290 - 384	225 - 328	203 - 306	280 - 383	192 - 295	203 - 306
Max StatsBeneficial Nature	Lv. 100	192 - 286	146 - 249	104 - 207	115 - 218	115 - 218	115 - 218
Max StatsBeneficial Nature	Lv. 100	232 - 326	190 - 293	148 - 251	159 - 262	159 - 262	159 - 262
Max StatsBeneficial Nature	Lv. 100	292 - 386	300 - 403	214 - 317	225 - 328	225 - 328	181 - 284
Max StatsBeneficial Nature	Lv. 100	322 - 416	247 - 350	203 - 306	344 - 447	203 - 306	291 - 394
Max StatsBeneficial Nature	Lv. 100	310 - 404	225 - 328	225 - 328	225 - 328	225 - 328	225 - 328
Max StatsBeneficial Nature	Lv. 100	200 - 294	113 - 216	148 - 251	113 - 216	148 - 251	104 - 207
Max StatsBeneficial Nature	Lv. 100	230 - 324	141 - 245	181 - 284	144 - 247	181 - 284	137 - 240
Max StatsBeneficial Nature	Lv. 100	270 - 364	185 - 289	225 - 328	188 - 291	225 - 328	181 - 284
Max StatsBeneficial Nature	Lv. 100	188 - 282	119 - 223	100 - 203	137 - 240	115 - 218	148 - 251
Max StatsBeneficial Nature	Lv. 100	226 - 320	146 - 249	133 - 236	181 - 284	148 - 251	181 - 284
Max StatsBeneficial Nature	Lv. 100	266 - 360	190 - 293	177 - 280	245 - 348	192 - 295	225 - 328
Max StatsBeneficial Nature	Lv. 100	210 - 304	148 - 251	146 - 249	102 - 205	111 - 214	100 - 203
Max StatsBeneficial Nature	Lv. 100	240 - 334	181 - 284	181 - 284	135 - 238	144 - 247	133 - 236
Max StatsBeneficial Nature	Lv. 100	280 - 374	236 - 339	225 - 328	179 - 282	188 - 291	177 - 280
Max StatsBeneficial Nature	Lv. 100	180 - 274	106 - 210	80 - 183	82 - 185	104 - 207	49 - 152
Max StatsBeneficial Nature	Lv. 100	280 - 374	172 - 276	146 - 249	104 - 207	126 - 229	203 - 306
Max StatsBeneficial Nature	Lv. 100	230 - 324	71 - 174	71 - 174	84 - 188	128 - 232	115 - 218
Max StatsBeneficial Nature	Lv. 100	310 - 404	115 - 218	115 - 218	194 - 298	216 - 320	159 - 262
Max StatsBeneficial Nature	Lv. 100	190 - 284	49 - 152	71 - 174	93 - 196	181 - 284	126 - 229
Max StatsBeneficial Nature	Lv. 100	220 - 314	82 - 185	115 - 218	126 - 229	247 - 350	192 - 295
Max StatsBeneficial Nature	Lv. 100	190 - 284	137 - 240	93 - 196	93 - 196	93 - 196	71 - 174
Max StatsBeneficial Nature	Lv. 100	250 - 344	203 - 306	159 - 262	137 - 240	159 - 262	93 - 196
Max StatsBeneficial Nature	Lv. 100	280 - 374	203 - 306	181 - 284	159 - 262	181 - 284	291 - 394
Max StatsBeneficial Nature	Lv. 100	260 - 354	89 - 192	89 - 192	128 - 232	128 - 232	152 - 256
Max StatsBeneficial Nature	Lv. 100	360 - 454	133 - 236	133 - 236	172 - 276	172 - 276	152 - 256
Max StatsBeneficial Nature	Lv. 100	150 - 244	93 - 196	38 - 141	82 - 185	82 - 185	137 - 240
Max StatsBeneficial Nature	Lv. 100	210 - 304	60 - 163	67 - 170	104 - 207	126 - 229	38 - 141
Max StatsBeneficial Nature	Lv. 100	290 - 384	71 - 174	38 - 141	93 - 196	49 - 152	38 - 141
Max StatsBeneficial Nature	Lv. 100	180 - 274	49 - 152	148 - 251	93 - 196	148 - 251	49 - 152
Max StatsBeneficial Nature	Lv. 100	220 - 314	93 - 196	192 - 295	181 - 284	236 - 339	93 - 196
Max StatsBeneficial Nature	Lv. 100	190 - 284	115 - 218	104 - 207	159 - 262	104 - 207	159 - 262
Max StatsBeneficial Nature	Lv. 100	240 - 334	170 - 273	159 - 262	214 - 317	159 - 262	214 - 317
Max StatsBeneficial Nature	Lv. 100	220 - 314	93 - 196	93 - 196	148 - 251	104 - 207	82 - 185
Max StatsBeneficial Nature	Lv. 100	250 - 344	126 - 229	126 - 229	181 - 284	137 - 240	104 - 207
Max StatsBeneficial Nature	Lv. 100	290 - 384	170 - 273	192 - 295	258 - 361	203 - 306	126 - 229
Max StatsBeneficial Nature	Lv. 100	260 - 354	181 - 284	214 - 317	203 - 306	225 - 328	115 - 218
Max StatsBeneficial Nature	Lv. 100	250 - 344	49 - 152	115 - 218	49 - 152	115 - 218	93 - 196
Max StatsBeneficial Nature	Lv. 100	310 - 404	115 - 218	181 - 284	137 - 240	181 - 284	115 - 218
Max StatsBeneficial Nature	Lv. 100	250 - 344	225 - 328	258 - 361	71 - 174	148 - 251	71 - 174
Max StatsBeneficial Nature	Lv. 100	290 - 384	170 - 273	170 - 273	203 - 306	225 - 328	159 - 262
Max StatsBeneficial Nature	Lv. 100	180 - 274	82 - 185	93 - 196	82 - 185	126 - 229	115 - 218
Max StatsBeneficial Nature	Lv. 100	220 - 314	104 - 207	115 - 218	104 - 207	148 - 251	181 - 284
Max StatsBeneficial Nature	Lv. 100	260 - 354	126 - 229	159 - 262	126 - 229	214 - 317	247 - 350
Max StatsBeneficial Nature	Lv. 100	220 - 314	159 - 262	126 - 229	93 - 196	126 - 229	192 - 295
Max StatsBeneficial Nature	Lv. 100	170 - 264	71 - 174	71 - 174	71 - 174	71 - 174	71 - 174
Max StatsBeneficial Nature	Lv. 100	260 - 354	170 - 273	126 - 229	236 - 339	192 - 295	71 - 174
Max StatsBeneficial Nature	Lv. 100	240 - 334	148 - 251	104 - 207	170 - 273	104 - 207	214 - 317
Max StatsBeneficial Nature	Lv. 100	220 - 314	104 - 207	104 - 207	60 - 163	60 - 163	38 - 141
Max StatsBeneficial Nature	Lv. 100	300 - 394	192 - 295	192 - 295	148 - 251	148 - 251	82 - 185
Max StatsBeneficial Nature	Lv. 100	240 - 334	148 - 251	137 - 240	291 - 394	214 - 317	247 - 350
Max StatsBeneficial Nature	Lv. 100	300 - 394	148 - 251	247 - 350	137 - 240	291 - 394	148 - 251
Max StatsBeneficial Nature	Lv. 100	230 - 324	192 - 295	97 - 201	192 - 295	97 - 201	205 - 309
Max StatsBeneficial Nature	Lv. 100	300 - 394	170 - 273	181 - 284	225 - 328	247 - 350	71 - 174
Max StatsBeneficial Nature	Lv. 100	230 - 324	137 - 240	137 - 240	192 - 295	192 - 295	192 - 295
Max StatsBeneficial Nature	Lv. 100	206 - 300	163 - 267	111 - 214	163 - 267	111 - 214	111 - 214
Max StatsBeneficial Nature	Lv. 100	490 - 584	78 - 181	133 - 236	78 - 181	133 - 236	78 - 181
Max StatsBeneficial Nature	Lv. 100	250 - 344	181 - 284	148 - 251	203 - 306	148 - 251	192 - 295
Max StatsBeneficial Nature	Lv. 100	210 - 304	148 - 251	203 - 306	82 - 185	82 - 185	38 - 141
Max StatsBeneficial Nature	Lv. 100	260 - 354	203 - 306	313 - 416	137 - 240	137 - 240	93 - 196
Max StatsBeneficial Nature	Lv. 100	310 - 404	159 - 262	159 - 262	148 - 251	148 - 251	104 - 207
Max StatsBeneficial Nature	Lv. 100	240 - 334	170 - 273	236 - 339	82 - 185	148 - 251	192 - 295
Max StatsBeneficial Nature	Lv. 100	260 - 354	192 - 295	445 - 548	126 - 229	148 - 251	71 - 174
Max StatsBeneficial Nature	Lv. 100	230 - 324	181 - 284	115 - 218	93 - 196	93 - 196	71 - 174
Max StatsBeneficial Nature	Lv. 100	290 - 384	269 - 372	170 - 273	137 - 240	137 - 240	104 - 207
Max StatsBeneficial Nature	Lv. 100	240 - 334	214 - 317	192 - 295	126 - 229	126 - 229	192 - 295
Max StatsBeneficial Nature	Lv. 100	250 - 344	291 - 394	225 - 328	126 - 229	181 - 284	148 - 251
Max StatsBeneficial Nature	Lv. 100	150 - 244	27 - 130	511 - 614	27 - 130	511 - 614	16 - 119
Max StatsBeneficial Nature	Lv. 100	270 - 364	280 - 383	170 - 273	93 - 196	214 - 317	192 - 295
Max StatsBeneficial Nature	Lv. 100	220 - 314	214 - 317	126 - 229	82 - 185	170 - 273	258 - 361
Max StatsBeneficial Nature	Lv. 100	230 - 324	181 - 284	115 - 218	115 - 218	115 - 218	93 - 196
Max StatsBeneficial Nature	Lv. 100	290 - 384	291 - 394	170 - 273	170 - 273	170 - 273	126 - 229
Max StatsBeneficial Nature	Lv. 100	190 - 284	93 - 196	93 - 196	159 - 262	93 - 196	49 - 152
Max StatsBeneficial Nature	Lv. 100	230 - 324	115 - 218	269 - 372	203 - 306	181 - 284	71 - 174
Max StatsBeneficial Nature	Lv. 100	210 - 304	115 - 218	93 - 196	71 - 174	71 - 174	115 - 218
Max StatsBeneficial Nature	Lv. 100	310 - 404	225 - 328	181 - 284	137 - 240	137 - 240	115 - 218
Max StatsBeneficial Nature	Lv. 100	240 - 334	126 - 229	214 - 317	148 - 251	214 - 317	82 - 185
Max StatsBeneficial Nature	Lv. 100	180 - 274	148 - 251	82 - 185	148 - 251	82 - 185	148 - 251
Max StatsBeneficial Nature	Lv. 100	260 - 354	236 - 339	170 - 273	236 - 339	170 - 273	104 - 207
Max StatsBeneficial Nature	Lv. 100	200 - 294	126 - 229	104 - 207	148 - 251	104 - 207	170 - 273
Max StatsBeneficial Nature	Lv. 100	280 - 374	93 - 196	159 - 262	181 - 284	313 - 416	159 - 262
Max StatsBeneficial Nature	Lv. 100	240 - 334	181 - 284	313 - 416	93 - 196	159 - 262	159 - 262
Max StatsBeneficial Nature	Lv. 100	200 - 294	137 - 240	71 - 174	181 - 284	115 - 218	148 - 251
Max StatsBeneficial Nature	Lv. 100	260 - 354	203 - 306	115 - 218	247 - 350	181 - 284	214 - 317
Max StatsBeneficial Nature	Lv. 100	260 - 354	214 - 317	214 - 317	214 - 317	214 - 317	192 - 295
Max StatsBeneficial Nature	Lv. 100	290 - 384	137 - 240	137 - 240	93 - 196	93 - 196	93 - 196
Max StatsBeneficial Nature	Lv. 100	290 - 384	269 - 372	269 - 372	137 - 240	137 - 240	115 - 218
Max StatsBeneficial Nature	Lv. 100	280 - 374	181 - 284	203 - 306	236 - 339	214 - 317	137 - 240
Max StatsBeneficial Nature	Lv. 100	256 - 350	214 - 317	141 - 245	192 - 295	148 - 251	192 - 295
Max StatsBeneficial Nature	Lv. 100	220 - 314	49 - 152	82 - 185	49 - 152	104 - 207	170 - 273
Max StatsBeneficial Nature	Lv. 100	180 - 274	82 - 185	82 - 185	82 - 185	82 - 185	82 - 185
Max StatsBeneficial Nature	Lv. 100	210 - 304	214 - 317	214 - 317	82 - 185	247 - 350	159 - 262
Max StatsBeneficial Nature	Lv. 100	200 - 294	71 - 174	38 - 141	192 - 295	148 - 251	148 - 251
Max StatsBeneficial Nature	Lv. 100	200 - 294	144 - 247	86 - 190	148 - 251	126 - 229	214 - 317
Max StatsBeneficial Nature	Lv. 100	200 - 294	170 - 273	86 - 190	159 - 262	126 - 229	188 - 291
Max StatsBeneficial Nature	Lv. 100	300 - 394	181 - 284	236 - 339	93 - 196	159 - 262	225 - 328
Max StatsBeneficial Nature	Lv. 100	620 - 714	27 - 130	27 - 130	170 - 273	302 - 405	126 - 229
Max StatsBeneficial Nature	Lv. 100	290 - 384	192 - 295	170 - 273	258 - 361	225 - 328	258 - 361
Max StatsBeneficial Nature	Lv. 100	340 - 434	258 - 361	192 - 295	203 - 306	170 - 273	225 - 328
Max StatsBeneficial Nature	Lv. 100	310 - 404	170 - 273	258 - 361	203 - 306	258 - 361	192 - 295
Max StatsBeneficial Nature	Lv. 100	210 - 304	146 - 249	115 - 218	104 - 207	115 - 218	95 - 199
Max StatsBeneficial Nature	Lv. 100	250 - 344	190 - 293	159 - 262	148 - 251	159 - 262	117 - 221
Max StatsBeneficial Nature	Lv. 100	310 - 404	300 - 403	247 - 350	214 - 317	225 - 328	139 - 243
Max StatsBeneficial Nature	Lv. 100	322 - 416	203 - 306	291 - 394	203 - 306	344 - 447	247 - 350
Max StatsBeneficial Nature	Lv. 100	322 - 416	291 - 394	203 - 306	247 - 350	344 - 447	203 - 306
Max StatsBeneficial Nature	Lv. 100	310 - 404	225 - 328	225 - 328	225 - 328	225 - 328	225 - 328
Max StatsBeneficial Nature	Lv. 100	190 - 284	104 - 207	82 - 185	148 - 251	126 - 229	159 - 262
Max StatsBeneficial Nature	Lv. 100	210 - 304	148 - 251	104 - 207	192 - 295	148 - 251	214 - 317
Max StatsBeneficial Nature	Lv. 100	250 - 344	192 - 295	148 - 251	236 - 339	192 - 295	269 - 372
Max StatsBeneficial Nature	Lv. 100	200 - 294	137 - 240	93 - 196	159 - 262	115 - 218	104 - 207
Max StatsBeneficial Nature	Lv. 100	230 - 324	192 - 295	137 - 240	192 - 295	137 - 240	126 - 229
Max StatsBeneficial Nature	Lv. 100	270 - 364	269 - 372	159 - 262	247 - 350	159 - 262	181 - 284
Max StatsBeneficial Nature	Lv. 100	210 - 304	159 - 262	115 - 218	115 - 218	115 - 218	93 - 196
Max StatsBeneficial Nature	Lv. 100	250 - 344	192 - 295	159 - 262	137 - 240	159 - 262	115 - 218
Max StatsBeneficial Nature	Lv. 100	310 - 404	247 - 350	203 - 306	192 - 295	203 - 306	137 - 240
Max StatsBeneficial Nature	Lv. 100	180 - 274	126 - 229	82 - 185	71 - 174	71 - 174	82 - 185
Max StatsBeneficial Nature	Lv. 100	250 - 344	203 - 306	159 - 262	137 - 240	137 - 240	159 - 262
Max StatsBeneficial Nature	Lv. 100	186 - 280	71 - 174	95 - 199	71 - 174	95 - 199	137 - 240
Max StatsBeneficial Nature	Lv. 100	266 - 360	159 - 262	139 - 243	115 - 218	139 - 243	225 - 328
Max StatsBeneficial Nature	Lv. 100	200 - 294	104 - 207	82 - 185	49 - 152	71 - 174	49 - 152
Max StatsBeneficial Nature	Lv. 100	210 - 304	82 - 185	126 - 229	60 - 163	60 - 163	38 - 141
Max StatsBeneficial Nature	Lv. 100	230 - 324	159 - 262	115 - 218	225 - 328	115 - 218	148 - 251
Max StatsBeneficial Nature	Lv. 100	210 - 304	82 - 185	126 - 229	60 - 163	60 - 163	38 - 141
Max StatsBeneficial Nature	Lv. 100	230 - 324	115 - 218	159 - 262	115 - 218	203 - 306	148 - 251
Max StatsBeneficial Nature	Lv. 100	190 - 284	71 - 174	71 - 174	93 - 196	115 - 218	71 - 174
Max StatsBeneficial Nature	Lv. 100	230 - 324	115 - 218	115 - 218	137 - 240	159 - 262	115 - 218
Max StatsBeneficial Nature	Lv. 100	270 - 364	159 - 262	159 - 262	203 - 306	225 - 328	159 - 262
Max StatsBeneficial Nature	Lv. 100	190 - 284	93 - 196	115 - 218	71 - 174	71 - 174	71 - 174
Max StatsBeneficial Nature	Lv. 100	250 - 344	159 - 262	93 - 196	137 - 240	93 - 196	137 - 240
Max StatsBeneficial Nature	Lv. 100	290 - 384	225 - 328	137 - 240	203 - 306	137 - 240	181 - 284
Max StatsBeneficial Nature	Lv. 100	190 - 284	126 - 229	71 - 174	71 - 174	71 - 174	192 - 295
Max StatsBeneficial Nature	Lv. 100	230 - 324	192 - 295	137 - 240	170 - 273	115 - 218	280 - 383
Max StatsBeneficial Nature	Lv. 100	190 - 284	71 - 174	71 - 174	126 - 229	71 - 174	192 - 295
Max StatsBeneficial Nature	Lv. 100	230 - 324	115 - 218	225 - 328	214 - 317	159 - 262	148 - 251
Max StatsBeneficial Nature	Lv. 100	166 - 260	60 - 163	60 - 163	104 - 207	82 - 185	93 - 196
Max StatsBeneficial Nature	Lv. 100	186 - 280	82 - 185	82 - 185	148 - 251	126 - 229	115 - 218
Max StatsBeneficial Nature	Lv. 100	246 - 340	148 - 251	148 - 251	280 - 383	258 - 361	181 - 284
Max StatsBeneficial Nature	Lv. 100	190 - 284	71 - 174	75 - 179	115 - 218	119 - 223	148 - 251
Max StatsBeneficial Nature	Lv. 100	250 - 344	137 - 240	141 - 245	225 - 328	185 - 289	181 - 284
Max StatsBeneficial Nature	Lv. 100	230 - 324	93 - 196	137 - 240	93 - 196	137 - 240	82 - 185
Max StatsBeneficial Nature	Lv. 100	230 - 324	291 - 394	181 - 284	137 - 240	137 - 240	159 - 262
Max StatsBeneficial Nature	Lv. 100	230 - 324	137 - 240	137 - 240	82 - 185	82 - 185	71 - 174
Max StatsBeneficial Nature	Lv. 100	270 - 364	181 - 284	181 - 284	126 - 229	126 - 229	203 - 306
Max StatsBeneficial Nature	Lv. 100	410 - 504	357 - 460	225 - 328	214 - 317	148 - 251	225 - 328
Max StatsBeneficial Nature	Lv. 100	172 - 266	104 - 207	203 - 306	71 - 174	71 - 174	93 - 196
Max StatsBeneficial Nature	Lv. 100	232 - 326	203 - 306	104 - 207	115 - 218	115 - 218	357 - 460
Max StatsBeneficial Nature	Lv. 100	1 - 1	203 - 306	104 - 207	71 - 174	71 - 174	93 - 196
Max StatsBeneficial Nature	Lv. 100	238 - 332	117 - 221	56 - 159	117 - 221	56 - 159	67 - 170
Max StatsBeneficial Nature	Lv. 100	278 - 372	161 - 265	100 - 203	161 - 265	100 - 203	111 - 214
Max StatsBeneficial Nature	Lv. 100	318 - 412	205 - 309	144 - 247	205 - 309	166 - 269	155 - 258
Max StatsBeneficial Nature	Lv. 100	254 - 348	137 - 240	71 - 174	49 - 152	71 - 174	60 - 163
Max StatsBeneficial Nature	Lv. 100	398 - 492	269 - 372	137 - 240	93 - 196	137 - 240	115 - 218
Max StatsBeneficial Nature	Lv. 100	210 - 304	49 - 152	93 - 196	49 - 152	93 - 196	49 - 152
Max StatsBeneficial Nature	Lv. 100	170 - 264	104 - 207	302 - 405	104 - 207	203 - 306	71 - 174
Max StatsBeneficial Nature	Lv. 100	210 - 304	104 - 207	104 - 207	82 - 185	82 - 185	115 - 218
Max StatsBeneficial Nature	Lv. 100	250 - 344	148 - 251	148 - 251	126 - 229	126 - 229	203 - 306
Max StatsBeneficial Nature	Lv. 100	210 - 304	170 - 273	170 - 273	148 - 251	148 - 251	115 - 218
Max StatsBeneficial Nature	Lv. 100	210 - 304	192 - 295	192 - 295	126 - 229	126 - 229	115 - 218
Max StatsBeneficial Nature	Lv. 100	210 - 304	159 - 262	225 - 328	93 - 196	93 - 196	71 - 174
Max StatsBeneficial Nature	Lv. 100	230 - 324	203 - 306	313 - 416	115 - 218	115 - 218	93 - 196
Max StatsBeneficial Nature	Lv. 100	250 - 344	247 - 350	401 - 504	137 - 240	137 - 240	115 - 218
Max StatsBeneficial Nature	Lv. 100	170 - 264	93 - 196	126 - 229	93 - 196	126 - 229	137 - 240
Max StatsBeneficial Nature	Lv. 100	230 - 324	137 - 240	170 - 273	137 - 240	170 - 273	181 - 284
Max StatsBeneficial Nature	Lv. 100	190 - 284	104 - 207	93 - 196	148 - 251	93 - 196	148 - 251
Max StatsBeneficial Nature	Lv. 100	250 - 344	170 - 273	137 - 240	236 - 339	137 - 240	236 - 339
Max StatsBeneficial Nature	Lv. 100	230 - 324	115 - 218	93 - 196	192 - 295	170 - 273	214 - 317
Max StatsBeneficial Nature	Lv. 100	230 - 324	93 - 196	115 - 218	170 - 273	192 - 295	214 - 317
Max StatsBeneficial Nature	Lv. 100	240 - 334	166 - 269	170 - 273	108 - 212	192 - 295	192 - 295
Max StatsBeneficial Nature	Lv. 100	240 - 334	108 - 212	170 - 273	166 - 269	192 - 295	192 - 295
Max StatsBeneficial Nature	Lv. 100	210 - 304	137 - 240	104 - 207	225 - 328	181 - 284	148 - 251
Max StatsBeneficial Nature	Lv. 100	250 - 344	100 - 203	122 - 225	100 - 203	122 - 225	93 - 196
Max StatsBeneficial Nature	Lv. 100	310 - 404	166 - 269	188 - 291	166 - 269	188 - 291	126 - 229
Max StatsBeneficial Nature	Lv. 100	200 - 294	203 - 306	49 - 152	148 - 251	49 - 152	148 - 251
Max StatsBeneficial Nature	Lv. 100	250 - 344	269 - 372	93 - 196	214 - 317	93 - 196	214 - 317
Max StatsBeneficial Nature	Lv. 100	370 - 464	159 - 262	82 - 185	159 - 262	82 - 185	137 - 240
Max StatsBeneficial Nature	Lv. 100	450 - 544	203 - 306	104 - 207	203 - 306	104 - 207	137 - 240
Max StatsBeneficial Nature	Lv. 100	230 - 324	137 - 240	93 - 196	148 - 251	104 - 207	82 - 185
Max StatsBeneficial Nature	Lv. 100	250 - 344	225 - 328	159 - 262	236 - 339	170 - 273	93 - 196
Max StatsBeneficial Nature	Lv. 100	250 - 344	192 - 295	313 - 416	192 - 295	159 - 262	49 - 152
Max StatsBeneficial Nature	Lv. 100	230 - 324	60 - 163	82 - 185	159 - 262	181 - 284	137 - 240
Max StatsBeneficial Nature	Lv. 100	270 - 364	104 - 207	148 - 251	203 - 306	247 - 350	181 - 284
Max StatsBeneficial Nature	Lv. 100	230 - 324	137 - 240	137 - 240	137 - 240	137 - 240	137 - 240
Max StatsBeneficial Nature	Lv. 100	200 - 294	225 - 328	104 - 207	104 - 207	104 - 207	27 - 130
Max StatsBeneficial Nature	Lv. 100	210 - 304	159 - 262	115 - 218	115 - 218	115 - 218	159 - 262
Max StatsBeneficial Nature	Lv. 100	270 - 364	225 - 328	181 - 284	181 - 284	181 - 284	225 - 328
Max StatsBeneficial Nature	Lv. 100	210 - 304	192 - 295	93 - 196	192 - 295	93 - 196	82 - 185
Max StatsBeneficial Nature	Lv. 100	250 - 344	258 - 361	137 - 240	258 - 361	137 - 240	126 - 229
Max StatsBeneficial Nature	Lv. 100	200 - 294	93 - 196	137 - 240	93 - 196	170 - 273	115 - 218
Max StatsBeneficial Nature	Lv. 100	260 - 354	159 - 262	203 - 306	159 - 262	236 - 339	181 - 284
Max StatsBeneficial Nature	Lv. 100	256 - 350	258 - 361	137 - 240	137 - 240	137 - 240	203 - 306
Max StatsBeneficial Nature	Lv. 100	256 - 350	225 - 328	137 - 240	225 - 328	137 - 240	148 - 251
Max StatsBeneficial Nature	Lv. 100	290 - 384	126 - 229	148 - 251	214 - 317	192 - 295	159 - 262
Max StatsBeneficial Nature	Lv. 100	290 - 384	214 - 317	192 - 295	126 - 229	148 - 251	159 - 262
Max StatsBeneficial Nature	Lv. 100	210 - 304	111 - 214	100 - 203	106 - 210	95 - 199	137 - 240
Max StatsBeneficial Nature	Lv. 100	330 - 424	177 - 280	166 - 269	172 - 276	161 - 265	137 - 240
Max StatsBeneficial Nature	Lv. 100	196 - 290	181 - 284	148 - 251	115 - 218	82 - 185	82 - 185
Max StatsBeneficial Nature	Lv. 100	236 - 330	269 - 372	192 - 295	203 - 306	126 - 229	126 - 229
Max StatsBeneficial Nature	Lv. 100	190 - 284	93 - 196	126 - 229	93 - 196	159 - 262	126 - 229
Max StatsBeneficial Nature	Lv. 100	230 - 324	159 - 262	236 - 339	159 - 262	269 - 372	170 - 273
Max StatsBeneficial Nature	Lv. 100	242 - 336	95 - 199	174 - 278	139 - 243	196 - 300	56 - 159
Max StatsBeneficial Nature	Lv. 100	282 - 376	183 - 287	218 - 322	183 - 287	240 - 344	100 - 203
Max StatsBeneficial Nature	Lv. 100	200 - 294	214 - 317	115 - 218	93 - 196	115 - 218	170 - 273
Max StatsBeneficial Nature	Lv. 100	260 - 354	280 - 383	225 - 328	159 - 262	181 - 284	104 - 207
Max StatsBeneficial Nature	Lv. 100	150 - 244	38 - 141	49 - 152	27 - 130	126 - 229	181 - 284
Max StatsBeneficial Nature	Lv. 100	300 - 394	137 - 240	179 - 282	225 - 328	280 - 383	183 - 287
Max StatsBeneficial Nature	Lv. 100	250 - 344	159 - 262	159 - 262	159 - 262	159 - 262	159 - 262
Max StatsBeneficial Nature	Lv. 100	230 - 324	203 - 306	159 - 262	137 - 240	269 - 372	93 - 196
Max StatsBeneficial Nature	Lv. 100	198 - 292	170 - 273	82 - 185	144 - 247	78 - 181	104 - 207
Max StatsBeneficial Nature	Lv. 100	238 - 332	258 - 361	148 - 251	188 - 291	144 - 247	148 - 251
Max StatsBeneficial Nature	Lv. 100	150 - 244	93 - 196	203 - 306	71 - 174	203 - 306	60 - 163
Max StatsBeneficial Nature	Lv. 100	190 - 284	159 - 262	291 - 394	137 - 240	291 - 394	60 - 163
Max StatsBeneficial Nature	Lv. 100	308 - 402	155 - 258	188 - 291	163 - 267	196 - 300	117 - 221
Max StatsBeneficial Nature	Lv. 100	260 - 354	115 - 218	181 - 284	214 - 317	203 - 306	148 - 251
Max StatsBeneficial Nature	Lv. 100	240 - 334	291 - 394	137 - 240	170 - 273	137 - 240	170 - 273
Max StatsBeneficial Nature	Lv. 100	300 - 394	56 - 159	111 - 214	56 - 159	111 - 214	56 - 159
Max StatsBeneficial Nature	Lv. 100	210 - 304	115 - 218	115 - 218	115 - 218	115 - 218	115 - 218
Max StatsBeneficial Nature	Lv. 100	270 - 364	181 - 284	181 - 284	181 - 284	181 - 284	181 - 284
Max StatsBeneficial Nature	Lv. 100	250 - 344	93 - 196	115 - 218	126 - 229	115 - 218	60 - 163
Max StatsBeneficial Nature	Lv. 100	290 - 384	137 - 240	159 - 262	170 - 273	159 - 262	104 - 207
Max StatsBeneficial Nature	Lv. 100	330 - 424	181 - 284	203 - 306	214 - 317	203 - 306	148 - 251
Max StatsBeneficial Nature	Lv. 100	180 - 274	146 - 249	192 - 295	168 - 271	126 - 229	75 - 179
Max StatsBeneficial Nature	Lv. 100	220 - 314	234 - 337	236 - 339	212 - 315	170 - 273	119 - 223
Max StatsBeneficial Nature	Lv. 100	220 - 314	190 - 293	236 - 339	256 - 359	170 - 273	119 - 223
Max StatsBeneficial Nature	Lv. 100	310 - 404	203 - 306	291 - 394	104 - 207	148 - 251	126 - 229
Max StatsBeneficial Nature	Lv. 100	196 - 290	71 - 174	126 - 229	93 - 196	148 - 251	218 - 322
Max StatsBeneficial Nature	Lv. 100	200 - 294	170 - 273	137 - 240	93 - 196	71 - 174	115 - 218
Max StatsBeneficial Nature	Lv. 100	240 - 334	214 - 317	225 - 328	137 - 240	115 - 218	115 - 218
Max StatsBeneficial Nature	Lv. 100	300 - 394	302 - 405	181 - 284	247 - 350	181 - 284	225 - 328
Max StatsBeneficial Nature	Lv. 100	190 - 284	126 - 229	181 - 284	82 - 185	137 - 240	71 - 174
Max StatsBeneficial Nature	Lv. 100	230 - 324	170 - 273	225 - 328	126 - 229	181 - 284	115 - 218
Max StatsBeneficial Nature	Lv. 100	270 - 364	302 - 405	291 - 394	214 - 317	203 - 306	159 - 262
Max StatsBeneficial Nature	Lv. 100	270 - 364	225 - 328	445 - 548	115 - 218	225 - 328	115 - 218
Max StatsBeneficial Nature	Lv. 100	270 - 364	115 - 218	225 - 328	225 - 328	445 - 548	115 - 218
Max StatsBeneficial Nature	Lv. 100	270 - 364	170 - 273	335 - 438	170 - 273	335 - 438	115 - 218
Max StatsBeneficial Nature	Lv. 100	270 - 364	181 - 284	203 - 306	247 - 350	291 - 394	247 - 350
Max StatsBeneficial Nature	Lv. 100	270 - 364	203 - 306	181 - 284	291 - 394	247 - 350	247 - 350
Max StatsBeneficial Nature	Lv. 100	310 - 404	225 - 328	203 - 306	335 - 438	313 - 416	203 - 306
Max StatsBeneficial Nature	Lv. 100	310 - 404	335 - 438	313 - 416	225 - 328	203 - 306	203 - 306
Max StatsBeneficial Nature	Lv. 100	320 - 414	335 - 438	203 - 306	335 - 438	203 - 306	214 - 317
Max StatsBeneficial Nature	Lv. 100	310 - 404	225 - 328	225 - 328	225 - 328	225 - 328	225 - 328
Max StatsBeneficial Nature	Lv. 100	210 - 304	335 - 438	115 - 218	335 - 438	115 - 218	335 - 438
Max StatsBeneficial Nature	Lv. 100	220 - 314	155 - 258	146 - 249	104 - 207	126 - 229	73 - 177
Max StatsBeneficial Nature	Lv. 100	260 - 354	201 - 304	192 - 295	126 - 229	148 - 251	84 - 188
Max StatsBeneficial Nature	Lv. 100	300 - 394	245 - 348	236 - 339	170 - 273	192 - 295	128 - 232
Max StatsBeneficial Nature	Lv. 100	198 - 292	133 - 236	102 - 205	133 - 236	102 - 205	139 - 243
Max StatsBeneficial Nature	Lv. 100	238 - 332	177 - 280	119 - 223	177 - 280	119 - 223	183 - 287
Max StatsBeneficial Nature	Lv. 100	262 - 356	234 - 337	161 - 265	234 - 337	161 - 265	243 - 346
Max StatsBeneficial Nature	Lv. 100	216 - 310	117 - 221	122 - 225	139 - 243	128 - 232	93 - 196
Max StatsBeneficial Nature	Lv. 100	238 - 332	150 - 254	155 - 258	183 - 287	172 - 276	115 - 218
Max StatsBeneficial Nature	Lv. 100	278 - 372	194 - 298	199 - 302	249 - 353	227 - 331	137 - 240
Max StatsBeneficial Nature	Lv. 100	190 - 284	126 - 229	71 - 174	71 - 174	71 - 174	137 - 240
Max StatsBeneficial Nature	Lv. 100	220 - 314	170 - 273	115 - 218	93 - 196	93 - 196	181 - 284
Max StatsBeneficial Nature	Lv. 100	280 - 374	269 - 372	159 - 262	115 - 218	137 - 240	225 - 328
Max StatsBeneficial Nature	Lv. 100	228 - 322	104 - 207	93 - 196	82 - 185	93 - 196	73 - 177
Max StatsBeneficial Nature	Lv. 100	268 - 362	192 - 295	137 - 240	126 - 229	137 - 240	161 - 265
Max StatsBeneficial Nature	Lv. 100	184 - 278	60 - 163	95 - 199	60 - 163	95 - 199	60 - 163
Max StatsBeneficial Nature	Lv. 100	264 - 358	192 - 295	117 - 221	126 - 229	117 - 221	148 - 251
Max StatsBeneficial Nature	Lv. 100	200 - 294	148 - 251	80 - 183	93 - 196	80 - 183	104 - 207
Max StatsBeneficial Nature	Lv. 100	230 - 324	192 - 295	113 - 216	137 - 240	113 - 216	137 - 240
Max StatsBeneficial Nature	Lv. 100	270 - 364	269 - 372	179 - 282	214 - 317	179 - 282	159 - 262
Max StatsBeneficial Nature	Lv. 100	190 - 284	71 - 174	82 - 185	115 - 218	159 - 262	126 - 229
Max StatsBeneficial Nature	Lv. 100	230 - 324	159 - 262	148 - 251	280 - 383	236 - 339	203 - 306
Max StatsBeneficial Nature	Lv. 100	244 - 338	280 - 383	93 - 196	71 - 174	71 - 174	133 - 236
Max StatsBeneficial Nature	Lv. 100	304 - 398	368 - 471	137 - 240	148 - 251	115 - 218	133 - 236
Max StatsBeneficial Nature	Lv. 100	170 - 264	97 - 201	265 - 368	97 - 201	199 - 302	71 - 174
Max StatsBeneficial Nature	Lv. 100	230 - 324	119 - 223	375 - 478	108 - 212	309 - 412	71 - 174
Max StatsBeneficial Nature	Lv. 100	190 - 284	69 - 172	104 - 207	69 - 172	104 - 207	84 - 188
Max StatsBeneficial Nature	Lv. 100	230 - 324	135 - 238	192 - 295	179 - 282	236 - 339	84 - 188
Max StatsBeneficial Nature	Lv. 100	250 - 344	212 - 315	115 - 218	212 - 315	115 - 218	150 - 254
Max StatsBeneficial Nature	Lv. 100	170 - 264	71 - 174	97 - 201	71 - 174	97 - 201	159 - 262
Max StatsBeneficial Nature	Lv. 100	250 - 344	181 - 284	229 - 333	181 - 284	229 - 333	93 - 196
Max StatsBeneficial Nature	Lv. 100	230 - 324	104 - 207	159 - 262	104 - 207	203 - 306	214 - 317
Max StatsBeneficial Nature	Lv. 100	220 - 314	148 - 251	82 - 185	137 - 240	71 - 174	192 - 295
Max StatsBeneficial Nature	Lv. 100	280 - 374	236 - 339	126 - 229	192 - 295	115 - 218	258 - 361
Max StatsBeneficial Nature	Lv. 100	200 - 294	82 - 185	104 - 207	141 - 245	122 - 225	82 - 185
Max StatsBeneficial Nature	Lv. 100	250 - 344	137 - 240	159 - 262	196 - 300	177 - 280	192 - 295
Max StatsBeneficial Nature	Lv. 100	262 - 356	111 - 214	111 - 214	130 - 234	141 - 245	80 - 183
Max StatsBeneficial Nature	Lv. 100	332 - 426	188 - 291	155 - 258	207 - 311	185 - 289	91 - 194
Max StatsBeneficial Nature	Lv. 100	260 - 354	225 - 328	150 - 254	137 - 240	150 - 254	258 - 361
Max StatsBeneficial Nature	Lv. 100	290 - 384	115 - 218	80 - 183	137 - 240	102 - 205	159 - 262
Max StatsBeneficial Nature	Lv. 100	410 - 504	181 - 284	102 - 205	203 - 306	124 - 227	181 - 284
Max StatsBeneficial Nature	Lv. 100	220 - 314	150 - 254	102 - 205	102 - 205	128 - 232	192 - 295
Max StatsBeneficial Nature	Lv. 100	240 - 334	172 - 276	190 - 293	124 - 227	216 - 320	236 - 339
Max StatsBeneficial Nature	Lv. 100	230 - 324	137 - 240	137 - 240	236 - 339	236 - 339	236 - 339
Max StatsBeneficial Nature	Lv. 100	310 - 404	280 - 383	119 - 223	236 - 339	119 - 223	161 - 265
Max StatsBeneficial Nature	Lv. 100	208 - 302	126 - 229	97 - 201	97 - 201	86 - 190	192 - 295
Max StatsBeneficial Nature	Lv. 100	252 - 346	185 - 289	146 - 249	146 - 249	135 - 238	251 - 355
Max StatsBeneficial Nature	Lv. 100	200 - 294	71 - 174	115 - 218	148 - 251	115 - 218	104 - 207
Max StatsBeneficial Nature	Lv. 100	236 - 330	144 - 247	108 - 212	95 - 199	95 - 199	168 - 271
Max StatsBeneficial Nature	Lv. 100	316 - 410	210 - 313	152 - 256	161 - 265	139 - 243	190 - 293
Max StatsBeneficial Nature	Lv. 100	224 - 318	58 - 161	194 - 298	58 - 161	194 - 298	56 - 159
Max StatsBeneficial Nature	Lv. 100	244 - 338	201 - 304	260 - 364	179 - 282	260 - 364	78 - 181
Max StatsBeneficial Nature	Lv. 100	210 - 304	181 - 284	214 - 317	27 - 130	104 - 207	27 - 130
Max StatsBeneficial Nature	Lv. 100	150 - 244	60 - 163	104 - 207	159 - 262	203 - 306	137 - 240
Max StatsBeneficial Nature	Lv. 100	310 - 404	16 - 119	16 - 119	38 - 141	148 - 251	71 - 174
Max StatsBeneficial Nature	Lv. 100	262 - 356	148 - 251	104 - 207	207 - 311	97 - 201	205 - 309
Max StatsBeneficial Nature	Lv. 100	210 - 304	207 - 311	243 - 346	207 - 311	243 - 346	82 - 185
Max StatsBeneficial Nature	Lv. 100	226 - 320	159 - 262	104 - 207	93 - 196	104 - 207	97 - 201
Max StatsBeneficial Nature	Lv. 100	246 - 340	203 - 306	148 - 251	115 - 218	126 - 229	185 - 289
Max StatsBeneficial Nature	Lv. 100	326 - 420	291 - 394	214 - 317	181 - 284	192 - 295	229 - 333
Max StatsBeneficial Nature	Lv. 100	380 - 474	192 - 295	93 - 196	93 - 196	192 - 295	16 - 119
Max StatsBeneficial Nature	Lv. 100	190 - 284	159 - 262	93 - 196	82 - 185	93 - 196	137 - 240
Max StatsBeneficial Nature	Lv. 100	250 - 344	247 - 350	159 - 262	258 - 361	159 - 262	203 - 306
Max StatsBeneficial Nature	Lv. 100	246 - 340	163 - 267	177 - 280	89 - 192	97 - 201	75 - 179
Max StatsBeneficial Nature	Lv. 100	326 - 420	251 - 355	265 - 368	155 - 258	163 - 267	108 - 212
Max StatsBeneficial Nature	Lv. 100	190 - 284	115 - 218	203 - 306	71 - 174	126 - 229	148 - 251
Max StatsBeneficial Nature	Lv. 100	250 - 344	203 - 306	247 - 350	137 - 240	170 - 273	214 - 317
Max StatsBeneficial Nature	Lv. 100	206 - 300	139 - 243	93 - 196	139 - 243	93 - 196	115 - 218
Max StatsBeneficial Nature	Lv. 100	276 - 370	238 - 342	148 - 251	194 - 298	148 - 251	192 - 295
Max StatsBeneficial Nature	Lv. 100	258 - 352	225 - 328	163 - 267	203 - 306	163 - 267	106 - 210
Max StatsBeneficial Nature	Lv. 100	208 - 302	113 - 216	128 - 232	113 - 216	139 - 243	150 - 254
Max StatsBeneficial Nature	Lv. 100	248 - 342	157 - 260	172 - 276	157 - 260	194 - 298	205 - 309
Max StatsBeneficial Nature	Lv. 100	200 - 294	49 - 152	115 - 218	137 - 240	269 - 372	115 - 218
Max StatsBeneficial Nature	Lv. 100	230 - 324	141 - 245	115 - 218	141 - 245	137 - 240	93 - 196
Max StatsBeneficial Nature	Lv. 100	290 - 384	207 - 311	170 - 273	207 - 311	192 - 295	137 - 240
Max StatsBeneficial Nature	Lv. 100	250 - 344	269 - 372	148 - 251	104 - 207	192 - 295	280 - 383
Max StatsBeneficial Nature	Lv. 100	250 - 344	159 - 262	258 - 361	291 - 394	203 - 306	137 - 240
Max StatsBeneficial Nature	Lv. 100	330 - 424	192 - 295	214 - 317	181 - 284	214 - 317	115 - 218
Max StatsBeneficial Nature	Lv. 100	340 - 434	313 - 416	291 - 394	126 - 229	126 - 229	93 - 196
Max StatsBeneficial Nature	Lv. 100	310 - 404	225 - 328	280 - 383	247 - 350	115 - 218	115 - 218
Max StatsBeneficial Nature	Lv. 100	260 - 354	276 - 379	152 - 256	214 - 317	192 - 295	214 - 317
Max StatsBeneficial Nature	Lv. 100	260 - 354	214 - 317	152 - 256	280 - 383	214 - 317	188 - 291
Max StatsBeneficial Nature	Lv. 100	280 - 374	115 - 218	214 - 317	269 - 372	258 - 361	181 - 284
Max StatsBeneficial Nature	Lv. 100	282 - 376	172 - 276	194 - 298	260 - 364	128 - 232	214 - 317
Max StatsBeneficial Nature	Lv. 100	240 - 334	247 - 350	291 - 394	137 - 240	148 - 251	214 - 317
Max StatsBeneficial Nature	Lv. 100	240 - 334	137 - 240	247 - 350	291 - 394	214 - 317	148 - 251
Max StatsBeneficial Nature	Lv. 100	260 - 354	214 - 317	280 - 383	104 - 207	170 - 273	214 - 317
Max StatsBeneficial Nature	Lv. 100	330 - 424	291 - 394	181 - 284	159 - 262	137 - 240	181 - 284
Max StatsBeneficial Nature	Lv. 100	280 - 374	181 - 284	159 - 262	302 - 405	170 - 273	203 - 306
Max StatsBeneficial Nature	Lv. 100	246 - 340	280 - 383	148 - 251	148 - 251	258 - 361	181 - 284
Max StatsBeneficial Nature	Lv. 100	230 - 324	126 - 229	324 - 427	170 - 273	335 - 438	93 - 196
Max StatsBeneficial Nature	Lv. 100	200 - 294	225 - 328	302 - 405	148 - 251	302 - 405	104 - 207
Max StatsBeneficial Nature	Lv. 100	250 - 344	181 - 284	159 - 262	181 - 284	159 - 262	247 - 350
Max StatsBeneficial Nature	Lv. 100	210 - 304	115 - 218	174 - 278	214 - 317	174 - 278	205 - 309
Max StatsBeneficial Nature	Lv. 100	260 - 354	170 - 273	291 - 394	170 - 273	291 - 394	214 - 317
Max StatsBeneficial Nature	Lv. 100	270 - 364	236 - 339	236 - 339	236 - 339	236 - 339	181 - 284
Max StatsBeneficial Nature	Lv. 100	260 - 354	280 - 383	159 - 262	280 - 383	159 - 262	258 - 361
Max StatsBeneficial Nature	Lv. 100	310 - 404	269 - 372	269 - 372	335 - 438	225 - 328	203 - 306
Max StatsBeneficial Nature	Lv. 100	290 - 384	269 - 372	225 - 328	335 - 438	269 - 372	225 - 328
Max StatsBeneficial Nature	Lv. 100	292 - 386	203 - 306	238 - 342	291 - 394	238 - 342	174 - 278
Max StatsBeneficial Nature	Lv. 100	330 - 424	357 - 460	247 - 350	181 - 284	247 - 350	225 - 328
Max StatsBeneficial Nature	Lv. 100	410 - 504	225 - 328	269 - 372	225 - 328	269 - 372	203 - 306
Max StatsBeneficial Nature	Lv. 100	350 - 444	159 - 262	269 - 372	170 - 273	291 - 394	192 - 295
Max StatsBeneficial Nature	Lv. 100	270 - 364	181 - 284	181 - 284	181 - 284	181 - 284	181 - 284
Max StatsBeneficial Nature	Lv. 100	310 - 404	225 - 328	225 - 328	225 - 328	225 - 328	225 - 328
Max StatsBeneficial Nature	Lv. 100	250 - 344	203 - 306	203 - 306	302 - 405	203 - 306	280 - 383
Max StatsBeneficial Nature	Lv. 100	310 - 404	225 - 328	225 - 328	225 - 328	225 - 328	225 - 328
Max StatsBeneficial Nature	Lv. 100	350 - 444	269 - 372	269 - 372	269 - 372	269 - 372	269 - 372
Max StatsBeneficial Nature	Lv. 100	310 - 404	225 - 328	225 - 328	225 - 328	225 - 328	225 - 328
Max StatsBeneficial Nature	Lv. 100	200 - 294	104 - 207	126 - 229	104 - 207	126 - 229	144 - 247
Max StatsBeneficial Nature	Lv. 100	230 - 324	137 - 240	170 - 273	137 - 240	170 - 273	188 - 291
Max StatsBeneficial Nature	Lv. 100	260 - 354	170 - 273	214 - 317	170 - 273	214 - 317	254 - 357
Max StatsBeneficial Nature	Lv. 100	240 - 334	144 - 247	104 - 207	104 - 207	104 - 207	104 - 207
Max StatsBeneficial Nature	Lv. 100	290 - 384	210 - 313	126 - 229	159 - 262	126 - 229	126 - 229
Max StatsBeneficial Nature	Lv. 100	330 - 424	276 - 379	148 - 251	225 - 328	148 - 251	148 - 251
Max StatsBeneficial Nature	Lv. 100	220 - 314	126 - 229	104 - 207	144 - 247	104 - 207	104 - 207
Max StatsBeneficial Nature	Lv. 100	260 - 354	170 - 273	137 - 240	188 - 291	137 - 240	137 - 240
Max StatsBeneficial Nature	Lv. 100	300 - 394	225 - 328	192 - 295	243 - 346	159 - 262	159 - 262
Max StatsBeneficial Nature	Lv. 100	200 - 294	126 - 229	91 - 194	82 - 185	91 - 194	97 - 201
Max StatsBeneficial Nature	Lv. 100	230 - 324	192 - 295	157 - 260	137 - 240	157 - 260	174 - 278
Max StatsBeneficial Nature	Lv. 100	200 - 294	137 - 240	104 - 207	60 - 163	104 - 207	126 - 229
Max StatsBeneficial Nature	Lv. 100	240 - 334	181 - 284	148 - 251	82 - 185	148 - 251	137 - 240
Max StatsBeneficial Nature	Lv. 100	280 - 374	247 - 350	203 - 306	104 - 207	203 - 306	181 - 284
Max StatsBeneficial Nature	Lv. 100	192 - 286	115 - 218	86 - 190	115 - 218	86 - 190	150 - 254
Max StatsBeneficial Nature	Lv. 100	238 - 332	199 - 302	115 - 218	199 - 302	115 - 218	238 - 342
Max StatsBeneficial Nature	Lv. 100	210 - 304	122 - 225	111 - 214	122 - 225	111 - 214	146 - 249
Max StatsBeneficial Nature	Lv. 100	260 - 354	221 - 324	144 - 247	221 - 324	144 - 247	227 - 331
Max StatsBeneficial Nature	Lv. 100	210 - 304	122 - 225	111 - 214	122 - 225	111 - 214	146 - 249
Max StatsBeneficial Nature	Lv. 100	260 - 354	221 - 324	144 - 247	221 - 324	144 - 247	227 - 331
Max StatsBeneficial Nature	Lv. 100	210 - 304	122 - 225	111 - 214	122 - 225	111 - 214	146 - 249
Max StatsBeneficial Nature	Lv. 100	260 - 354	221 - 324	144 - 247	221 - 324	144 - 247	227 - 331
Max StatsBeneficial Nature	Lv. 100	262 - 356	60 - 163	104 - 207	152 - 256	126 - 229	58 - 161
Max StatsBeneficial Nature	Lv. 100	342 - 436	126 - 229	192 - 295	240 - 344	214 - 317	69 - 172
Max StatsBeneficial Nature	Lv. 100	210 - 304	126 - 229	115 - 218	84 - 188	71 - 174	100 - 203
Max StatsBeneficial Nature	Lv. 100	234 - 328	174 - 278	141 - 245	115 - 218	97 - 201	148 - 251
Max StatsBeneficial Nature	Lv. 100	270 - 364	258 - 361	181 - 284	148 - 251	126 - 229	210 - 313
Max StatsBeneficial Nature	Lv. 100	200 - 294	137 - 240	75 - 179	115 - 218	75 - 179	172 - 276
Max StatsBeneficial Nature	Lv. 100	260 - 354	225 - 328	144 - 247	181 - 284	144 - 247	260 - 364
Max StatsBeneficial Nature	Lv. 100	220 - 314	170 - 273	192 - 295	60 - 163	60 - 163	38 - 141
Max StatsBeneficial Nature	Lv. 100	250 - 344	236 - 339	236 - 339	115 - 218	93 - 196	49 - 152
Max StatsBeneficial Nature	Lv. 100	280 - 374	302 - 405	291 - 394	137 - 240	181 - 284	60 - 163
Max StatsBeneficial Nature	Lv. 100	240 - 334	104 - 207	100 - 203	126 - 229	100 - 203	163 - 267
Max StatsBeneficial Nature	Lv. 100	244 - 338	130 - 234	126 - 229	174 - 278	126 - 229	256 - 359
Max StatsBeneficial Nature	Lv. 100	230 - 324	192 - 295	93 - 196	71 - 174	104 - 207	155 - 258
Max StatsBeneficial Nature	Lv. 100	330 - 424	302 - 405	137 - 240	115 - 218	148 - 251	199 - 302
Max StatsBeneficial Nature	Lv. 100	316 - 410	137 - 240	194 - 298	137 - 240	194 - 298	115 - 218
Max StatsBeneficial Nature	Lv. 100	260 - 354	181 - 284	126 - 229	60 - 163	82 - 185	82 - 185
Max StatsBeneficial Nature	Lv. 100	280 - 374	236 - 339	192 - 295	93 - 196	115 - 218	93 - 196
Max StatsBeneficial Nature	Lv. 100	320 - 414	313 - 416	214 - 317	126 - 229	148 - 251	104 - 207
Max StatsBeneficial Nature	Lv. 100	210 - 304	115 - 218	93 - 196	115 - 218	93 - 196	146 - 249
Max StatsBeneficial Nature	Lv. 100	260 - 354	148 - 251	126 - 229	148 - 251	126 - 229	157 - 260
Max StatsBeneficial Nature	Lv. 100	320 - 414	214 - 317	170 - 273	192 - 295	170 - 273	168 - 271
Max StatsBeneficial Nature	Lv. 100	350 - 444	225 - 328	192 - 295	71 - 174	192 - 295	104 - 207
Max StatsBeneficial Nature	Lv. 100	260 - 354	280 - 383	170 - 273	71 - 174	170 - 273	192 - 295
Max StatsBeneficial Nature	Lv. 100	200 - 294	122 - 225	159 - 262	93 - 196	137 - 240	97 - 201
Max StatsBeneficial Nature	Lv. 100	220 - 314	144 - 247	203 - 306	115 - 218	181 - 284	97 - 201
Max StatsBeneficial Nature	Lv. 100	260 - 354	232 - 335	181 - 284	159 - 262	181 - 284	207 - 311
Max StatsBeneficial Nature	Lv. 100	170 - 264	104 - 207	135 - 238	71 - 174	91 - 194	130 - 234
Max StatsBeneficial Nature	Lv. 100	190 - 284	126 - 229	223 - 326	93 - 196	179 - 282	108 - 212
Max StatsBeneficial Nature	Lv. 100	230 - 324	225 - 328	201 - 304	126 - 229	157 - 260	251 - 355
Max StatsBeneficial Nature	Lv. 100	190 - 284	64 - 168	137 - 240	86 - 190	115 - 218	150 - 254
Max StatsBeneficial Nature	Lv. 100	230 - 324	152 - 256	192 - 295	174 - 278	170 - 273	260 - 364
Max StatsBeneficial Nature	Lv. 100	200 - 294	82 - 185	115 - 218	159 - 262	115 - 218	71 - 174
Max StatsBeneficial Nature	Lv. 100	250 - 344	137 - 240	170 - 273	247 - 350	170 - 273	203 - 306
Max StatsBeneficial Nature	Lv. 100	250 - 344	207 - 311	148 - 251	181 - 284	126 - 229	221 - 324
Max StatsBeneficial Nature	Lv. 100	210 - 304	163 - 267	82 - 185	82 - 185	82 - 185	148 - 251
Max StatsBeneficial Nature	Lv. 100	230 - 324	185 - 289	104 - 207	104 - 207	104 - 207	168 - 271
Max StatsBeneficial Nature	Lv. 100	300 - 394	262 - 366	181 - 284	148 - 251	159 - 262	207 - 311
Max StatsBeneficial Nature	Lv. 100	250 - 344	203 - 306	104 - 207	38 - 141	104 - 207	115 - 218
Max StatsBeneficial Nature	Lv. 100	320 - 414	313 - 416	126 - 229	71 - 174	126 - 229	214 - 317
Max StatsBeneficial Nature	Lv. 100	260 - 354	194 - 298	152 - 256	238 - 342	152 - 256	137 - 240
Max StatsBeneficial Nature	Lv. 100	210 - 304	148 - 251	192 - 295	82 - 185	82 - 185	126 - 229
Max StatsBeneficial Nature	Lv. 100	250 - 344	236 - 339	280 - 383	148 - 251	170 - 273	104 - 207
Max StatsBeneficial Nature	Lv. 100	210 - 304	170 - 273	159 - 262	82 - 185	159 - 262	111 - 214
Max StatsBeneficial Nature	Lv. 100	240 - 334	203 - 306	258 - 361	104 - 207	258 - 361	133 - 236
Max StatsBeneficial Nature	Lv. 100	254 - 348	133 - 236	181 - 284	232 - 335	181 - 284	218 - 322
Max StatsBeneficial Nature	Lv. 100	186 - 280	71 - 174	192 - 295	126 - 229	148 - 251	71 - 174
Max StatsBeneficial Nature	Lv. 100	226 - 320	115 - 218	324 - 427	214 - 317	236 - 339	71 - 174
Max StatsBeneficial Nature	Lv. 100	218 - 312	177 - 280	232 - 335	122 - 225	104 - 207	53 - 157
Max StatsBeneficial Nature	Lv. 100	258 - 352	243 - 346	298 - 401	188 - 291	148 - 251	75 - 179
Max StatsBeneficial Nature	Lv. 100	220 - 314	251 - 355	104 - 207	168 - 271	104 - 207	159 - 262
Max StatsBeneficial Nature	Lv. 100	260 - 354	313 - 416	148 - 251	251 - 355	148 - 251	247 - 350
Max StatsBeneficial Nature	Lv. 100	210 - 304	115 - 218	141 - 245	93 - 196	141 - 245	148 - 251
Max StatsBeneficial Nature	Lv. 100	270 - 364	214 - 317	185 - 289	137 - 240	185 - 289	170 - 273
Max StatsBeneficial Nature	Lv. 100	190 - 284	148 - 251	93 - 196	181 - 284	93 - 196	148 - 251
Max StatsBeneficial Nature	Lv. 100	230 - 324	236 - 339	137 - 240	269 - 372	137 - 240	236 - 339
Max StatsBeneficial Nature	Lv. 100	220 - 314	115 - 218	93 - 196	93 - 196	93 - 196	170 - 273
Max StatsBeneficial Nature	Lv. 100	260 - 354	214 - 317	137 - 240	148 - 251	137 - 240	258 - 361
Max StatsBeneficial Nature	Lv. 100	200 - 294	71 - 174	115 - 218	126 - 229	148 - 251	104 - 207
Max StatsBeneficial Nature	Lv. 100	230 - 324	104 - 207	159 - 262	170 - 273	192 - 295	126 - 229
Max StatsBeneficial Nature	Lv. 100	250 - 344	126 - 229	214 - 317	214 - 317	247 - 350	148 - 251
Max StatsBeneficial Nature	Lv. 100	200 - 294	71 - 174	93 - 196	236 - 339	115 - 218	49 - 152
Max StatsBeneficial Nature	Lv. 100	240 - 334	93 - 196	115 - 218	280 - 383	137 - 240	71 - 174
Max StatsBeneficial Nature	Lv. 100	330 - 424	148 - 251	170 - 273	280 - 383	192 - 295	71 - 174
Max StatsBeneficial Nature	Lv. 100	234 - 328	102 - 205	115 - 218	102 - 205	115 - 218	126 - 229
Max StatsBeneficial Nature	Lv. 100	260 - 354	196 - 300	144 - 247	196 - 300	144 - 247	221 - 324
Max StatsBeneficial Nature	Lv. 100	182 - 276	115 - 218	115 - 218	148 - 251	137 - 240	102 - 205
Max StatsBeneficial Nature	Lv. 100	212 - 306	148 - 251	148 - 251	181 - 284	170 - 273	135 - 238
Max StatsBeneficial Nature	Lv. 100	252 - 346	214 - 317	192 - 295	247 - 350	214 - 317	179 - 282
Max StatsBeneficial Nature	Lv. 100	230 - 324	137 - 240	115 - 218	93 - 196	115 - 218	170 - 273
Max StatsBeneficial Nature	Lv. 100	270 - 364	225 - 328	159 - 262	137 - 240	159 - 262	214 - 317
Max StatsBeneficial Nature	Lv. 100	220 - 314	170 - 273	137 - 240	170 - 273	137 - 240	232 - 335
Max StatsBeneficial Nature	Lv. 100	210 - 304	170 - 273	104 - 207	93 - 196	104 - 207	137 - 240
Max StatsBeneficial Nature	Lv. 100	250 - 344	302 - 405	236 - 339	137 - 240	236 - 339	49 - 152
Max StatsBeneficial Nature	Lv. 100	248 - 342	126 - 229	104 - 207	126 - 229	126 - 229	38 - 141
Max StatsBeneficial Nature	Lv. 100	338 - 432	192 - 295	159 - 262	192 - 295	181 - 284	71 - 174
Max StatsBeneficial Nature	Lv. 100	220 - 314	93 - 196	115 - 218	148 - 251	192 - 295	93 - 196
Max StatsBeneficial Nature	Lv. 100	310 - 404	137 - 240	159 - 262	192 - 295	236 - 339	137 - 240
Max StatsBeneficial Nature	Lv. 100	440 - 534	170 - 273	181 - 284	93 - 196	104 - 207	148 - 251
Max StatsBeneficial Nature	Lv. 100	210 - 304	108 - 212	115 - 218	130 - 234	115 - 218	148 - 251
Max StatsBeneficial Nature	Lv. 100	250 - 344	174 - 278	137 - 240	218 - 322	137 - 240	243 - 346
Max StatsBeneficial Nature	Lv. 100	198 - 292	115 - 218	205 - 309	58 - 161	194 - 298	27 - 130
Max StatsBeneficial Nature	Lv. 100	258 - 352	212 - 315	293 - 397	124 - 227	260 - 364	49 - 152
Max StatsBeneficial Nature	Lv. 100	190 - 284	126 - 229	159 - 262	104 - 207	137 - 240	71 - 174
Max StatsBeneficial Nature	Lv. 100	230 - 324	181 - 284	214 - 317	159 - 262	192 - 295	115 - 218
Max StatsBeneficial Nature	Lv. 100	230 - 324	225 - 328	258 - 361	159 - 262	192 - 295	203 - 306
Max StatsBeneficial Nature	Lv. 100	180 - 274	126 - 229	93 - 196	104 - 207	93 - 196	137 - 240
Max StatsBeneficial Nature	Lv. 100	240 - 334	192 - 295	159 - 262	170 - 273	159 - 262	93 - 196
Max StatsBeneficial Nature	Lv. 100	280 - 374	258 - 361	181 - 284	236 - 339	181 - 284	115 - 218
Max StatsBeneficial Nature	Lv. 100	220 - 314	126 - 229	126 - 229	192 - 295	126 - 229	71 - 174
Max StatsBeneficial Nature	Lv. 100	260 - 354	170 - 273	170 - 273	280 - 383	214 - 317	93 - 196
Max StatsBeneficial Nature	Lv. 100	210 - 304	71 - 174	126 - 229	148 - 251	126 - 229	49 - 152
Max StatsBeneficial Nature	Lv. 100	230 - 324	93 - 196	137 - 240	214 - 317	137 - 240	126 - 229
Max StatsBeneficial Nature	Lv. 100	230 - 324	126 - 229	203 - 306	324 - 427	203 - 306	181 - 284
Max StatsBeneficial Nature	Lv. 100	202 - 296	196 - 300	137 - 240	71 - 174	93 - 196	130 - 234
Max StatsBeneficial Nature	Lv. 100	242 - 336	262 - 366	159 - 262	93 - 196	115 - 218	152 - 256
Max StatsBeneficial Nature	Lv. 100	262 - 356	328 - 432	203 - 306	137 - 240	159 - 262	218 - 322
Max StatsBeneficial Nature	Lv. 100	220 - 314	159 - 262	93 - 196	137 - 240	93 - 196	93 - 196
Max StatsBeneficial Nature	Lv. 100	300 - 394	291 - 394	181 - 284	159 - 262	181 - 284	115 - 218
Max StatsBeneficial Nature	Lv. 100	270 - 364	115 - 218	115 - 218	214 - 317	302 - 405	236 - 339
Max StatsBeneficial Nature	Lv. 100	210 - 304	93 - 196	192 - 295	93 - 196	148 - 251	60 - 163
Max StatsBeneficial Nature	Lv. 100	270 - 364	159 - 262	93 - 196	225 - 328	137 - 240	324 - 427
Max StatsBeneficial Nature	Lv. 100	328 - 422	150 - 254	190 - 293	183 - 287	223 - 326	75 - 179
Max StatsBeneficial Nature	Lv. 100	200 - 294	192 - 295	115 - 218	126 - 229	115 - 218	148 - 251
Max StatsBeneficial Nature	Lv. 100	240 - 334	280 - 383	137 - 240	214 - 317	137 - 240	236 - 339
Max StatsBeneficial Nature	Lv. 100	264 - 358	269 - 372	203 - 306	137 - 240	203 - 306	111 - 214
Max StatsBeneficial Nature	Lv. 100	228 - 322	168 - 271	115 - 218	82 - 185	115 - 218	82 - 185
Max StatsBeneficial Nature	Lv. 100	288 - 382	278 - 381	181 - 284	126 - 229	181 - 284	126 - 229
Max StatsBeneficial Nature	Lv. 100	200 - 294	192 - 295	159 - 262	93 - 196	93 - 196	137 - 240
Max StatsBeneficial Nature	Lv. 100	240 - 334	280 - 383	225 - 328	137 - 240	159 - 262	159 - 262
Max StatsBeneficial Nature	Lv. 100	300 - 394	247 - 350	214 - 317	93 - 196	214 - 317	126 - 229
Max StatsBeneficial Nature	Lv. 100	250 - 344	188 - 291	115 - 218	86 - 190	115 - 218	137 - 240
Max StatsBeneficial Nature	Lv. 100	310 - 404	276 - 379	170 - 273	130 - 234	170 - 273	181 - 284
Max StatsBeneficial Nature	Lv. 100	250 - 344	126 - 229	170 - 273	104 - 207	148 - 251	137 - 240
Max StatsBeneficial Nature	Lv. 100	330 - 424	148 - 251	236 - 339	126 - 229	214 - 317	181 - 284
Max StatsBeneficial Nature	Lv. 100	280 - 374	218 - 322	150 - 254	236 - 339	150 - 254	148 - 251
Max StatsBeneficial Nature	Lv. 100	226 - 320	245 - 348	251 - 355	111 - 214	111 - 214	245 - 348
Max StatsBeneficial Nature	Lv. 100	214 - 308	148 - 251	115 - 218	104 - 207	115 - 218	89 - 192
Max StatsBeneficial Nature	Lv. 100	254 - 348	192 - 295	159 - 262	148 - 251	159 - 262	133 - 236
Max StatsBeneficial Nature	Lv. 100	294 - 388	236 - 339	203 - 306	280 - 383	203 - 306	221 - 324
Max StatsBeneficial Nature	Lv. 100	220 - 314	192 - 295	126 - 229	115 - 218	126 - 229	137 - 240
Max StatsBeneficial Nature	Lv. 100	280 - 374	137 - 240	148 - 251	302 - 405	236 - 339	225 - 328
Max StatsBeneficial Nature	Lv. 100	292 - 386	203 - 306	289 - 392	203 - 306	163 - 267	243 - 346
Max StatsBeneficial Nature	Lv. 100	292 - 386	289 - 392	203 - 306	163 - 267	203 - 306	243 - 346
Max StatsBeneficial Nature	Lv. 100	292 - 386	203 - 306	163 - 267	203 - 306	289 - 392	243 - 346
Max StatsBeneficial Nature	Lv. 100	268 - 362	258 - 361	159 - 262	280 - 383	181 - 284	249 - 353
Max StatsBeneficial Nature	Lv. 100	268 - 362	258 - 361	159 - 262	280 - 383	181 - 284	249 - 353
Max StatsBeneficial Nature	Lv. 100	310 - 404	269 - 372	225 - 328	335 - 438	269 - 372	203 - 306
Max StatsBeneficial Nature	Lv. 100	310 - 404	335 - 438	269 - 372	269 - 372	225 - 328	203 - 306
Max StatsBeneficial Nature	Lv. 100	288 - 382	280 - 383	203 - 306	258 - 361	181 - 284	227 - 331
Max StatsBeneficial Nature	Lv. 100	360 - 454	291 - 394	203 - 306	291 - 394	203 - 306	214 - 317
Max StatsBeneficial Nature	Lv. 100	292 - 386	163 - 267	203 - 306	289 - 392	203 - 306	243 - 346
Max StatsBeneficial Nature	Lv. 100	310 - 404	174 - 278	174 - 278	287 - 390	287 - 390	203 - 306
Max StatsBeneficial Nature	Lv. 100	252 - 346	269 - 372	214 - 317	269 - 372	214 - 317	223 - 326
Max StatsBeneficial Nature	Lv. 100	222 - 316	139 - 243	148 - 251	111 - 214	104 - 207	89 - 192
Max StatsBeneficial Nature	Lv. 100	232 - 326	177 - 280	214 - 317	128 - 232	133 - 236	130 - 234
Max StatsBeneficial Nature	Lv. 100	286 - 380	240 - 344	273 - 377	168 - 271	170 - 273	146 - 249
Max StatsBeneficial Nature	Lv. 100	190 - 284	104 - 207	93 - 196	141 - 245	137 - 240	137 - 240
Max StatsBeneficial Nature	Lv. 100	228 - 322	135 - 238	133 - 236	203 - 306	159 - 262	166 - 269
Max StatsBeneficial Nature	Lv. 100	260 - 354	157 - 260	163 - 267	256 - 359	225 - 328	234 - 337
Max StatsBeneficial Nature	Lv. 100	192 - 286	128 - 232	93 - 196	141 - 245	102 - 205	161 - 265
Max StatsBeneficial Nature	Lv. 100	218 - 312	144 - 247	119 - 223	188 - 291	128 - 232	218 - 322
Max StatsBeneficial Nature	Lv. 100	254 - 348	214 - 317	152 - 256	232 - 335	161 - 265	273 - 377
Max StatsBeneficial Nature	Lv. 100	186 - 280	84 - 188	89 - 192	75 - 179	84 - 188	130 - 234
Max StatsBeneficial Nature	Lv. 100	280 - 374	128 - 232	174 - 278	115 - 218	174 - 278	177 - 280
Max StatsBeneficial Nature	Lv. 100	200 - 294	115 - 218	100 - 203	93 - 196	89 - 192	141 - 245
Max StatsBeneficial Nature	Lv. 100	234 - 328	166 - 269	126 - 229	128 - 232	119 - 223	190 - 293
Max StatsBeneficial Nature	Lv. 100	266 - 360	183 - 287	161 - 265	168 - 271	157 - 260	282 - 386
Max StatsBeneficial Nature	Lv. 100	186 - 280	82 - 185	93 - 196	64 - 168	60 - 163	82 - 185
Max StatsBeneficial Nature	Lv. 100	200 - 294	53 - 157	137 - 240	64 - 168	71 - 174	69 - 172
Max StatsBeneficial Nature	Lv. 100	270 - 364	119 - 223	115 - 218	203 - 306	115 - 218	201 - 304
Max StatsBeneficial Nature	Lv. 100	234 - 328	115 - 218	133 - 236	166 - 269	124 - 227	163 - 267
Max StatsBeneficial Nature	Lv. 100	282 - 376	155 - 258	163 - 267	245 - 348	150 - 254	238 - 342
Max StatsBeneficial Nature	Lv. 100	198 - 292	89 - 192	91 - 194	139 - 243	179 - 282	97 - 201
Max StatsBeneficial Nature	Lv. 100	218 - 312	104 - 207	108 - 212	170 - 273	221 - 324	119 - 223
Max StatsBeneficial Nature	Lv. 100	266 - 360	148 - 251	155 - 258	251 - 355	344 - 447	170 - 273
Max StatsBeneficial Nature	Lv. 100	242 - 336	148 - 251	111 - 214	141 - 245	130 - 234	119 - 223
Max StatsBeneficial Nature	Lv. 100	356 - 450	225 - 328	141 - 245	218 - 322	183 - 287	155 - 258
Max StatsBeneficial Nature	Lv. 100	244 - 338	185 - 289	141 - 245	106 - 210	111 - 214	100 - 203
Max StatsBeneficial Nature	Lv. 100	300 - 394	278 - 381	177 - 280	157 - 260	161 - 265	133 - 236
Max StatsBeneficial Nature	Lv. 100	260 - 354	181 - 284	137 - 240	148 - 251	203 - 306	229 - 333
Max StatsBeneficial Nature	Lv. 100	234 - 328	111 - 214	124 - 227	144 - 247	137 - 240	155 - 258
Max StatsBeneficial Nature	Lv. 100	258 - 352	111 - 214	172 - 276	188 - 291	183 - 287	234 - 337
Max StatsBeneficial Nature	Lv. 100	200 - 294	181 - 284	225 - 328	82 - 185	86 - 190	67 - 170
Max StatsBeneficial Nature	Lv. 100	228 - 322	247 - 350	335 - 438	104 - 207	113 - 216	82 - 185
Max StatsBeneficial Nature	Lv. 100	230 - 324	115 - 218	335 - 438	115 - 218	335 - 438	137 - 240
Max StatsBeneficial Nature	Lv. 100	266 - 360	119 - 223	137 - 240	144 - 247	148 - 251	56 - 159
Max StatsBeneficial Nature	Lv. 100	312 - 406	163 - 267	163 - 267	223 - 326	201 - 304	69 - 172
Max StatsBeneficial Nature	Lv. 100	234 - 328	111 - 214	150 - 254	135 - 238	130 - 234	113 - 216
Max StatsBeneficial Nature	Lv. 100	274 - 368	181 - 284	194 - 298	192 - 295	170 - 273	163 - 267
Max StatsBeneficial Nature	Lv. 100	216 - 310	124 - 227	122 - 225	86 - 190	106 - 210	104 - 207
Max StatsBeneficial Nature	Lv. 100	282 - 376	207 - 311	199 - 302	155 - 258	170 - 273	166 - 269
Max StatsBeneficial Nature	Lv. 100	194 - 288	119 - 223	152 - 256	91 - 194	128 - 232	115 - 218
Max StatsBeneficial Nature	Lv. 100	254 - 348	236 - 339	258 - 361	124 - 227	194 - 298	155 - 258
Max StatsBeneficial Nature	Lv. 100	210 - 304	137 - 240	137 - 240	137 - 240	137 - 240	71 - 174
Max StatsBeneficial Nature	Lv. 100	240 - 334	170 - 273	203 - 306	218 - 322	276 - 379	102 - 205
Max StatsBeneficial Nature	Lv. 100	210 - 304	122 - 225	141 - 245	133 - 236	144 - 247	102 - 205
Max StatsBeneficial Nature	Lv. 100	252 - 346	166 - 269	199 - 302	269 - 372	201 - 304	135 - 238
Max StatsBeneficial Nature	Lv. 100	198 - 292	89 - 192	78 - 181	139 - 243	100 - 203	159 - 262
Max StatsBeneficial Nature	Lv. 100	234 - 328	126 - 229	119 - 223	245 - 348	212 - 315	245 - 348
Max StatsBeneficial Nature	Lv. 100	226 - 320	201 - 304	174 - 278	104 - 207	104 - 207	111 - 214
Max StatsBeneficial Nature	Lv. 100	274 - 368	271 - 375	267 - 370	157 - 260	135 - 238	161 - 265
Max StatsBeneficial Nature	Lv. 100	264 - 358	135 - 238	115 - 218	152 - 256	144 - 247	106 - 210
Max StatsBeneficial Nature	Lv. 100	356 - 450	174 - 278	163 - 267	223 - 326	207 - 311	133 - 236
Max StatsBeneficial Nature	Lv. 100	300 - 394	148 - 251	148 - 251	247 - 350	291 - 394	137 - 240
Max StatsBeneficial Nature	Lv. 100	266 - 360	207 - 311	170 - 273	168 - 271	144 - 247	265 - 368
Max StatsBeneficial Nature	Lv. 100	244 - 338	133 - 236	130 - 234	183 - 287	152 - 256	227 - 331
Max StatsBeneficial Nature	Lv. 100	210 - 304	115 - 218	335 - 438	115 - 218	335 - 438	115 - 218
Max StatsBeneficial Nature	Lv. 100	200 - 294	115 - 218	82 - 185	126 - 229	170 - 273	93 - 196
Max StatsBeneficial Nature	Lv. 100	246 - 340	170 - 273	122 - 225	188 - 291	254 - 357	137 - 240
Max StatsBeneficial Nature	Lv. 100	290 - 384	225 - 328	159 - 262	247 - 350	335 - 438	181 - 284
Max StatsBeneficial Nature	Lv. 100	224 - 318	181 - 284	205 - 309	181 - 284	196 - 300	170 - 273
Max StatsBeneficial Nature	Lv. 100	196 - 290	159 - 262	111 - 214	115 - 218	137 - 240	89 - 192
Max StatsBeneficial Nature	Lv. 100	280 - 374	247 - 350	172 - 276	148 - 251	185 - 289	128 - 232
Max StatsBeneficial Nature	Lv. 100	208 - 302	150 - 254	159 - 262	102 - 205	126 - 229	117 - 221
Max StatsBeneficial Nature	Lv. 100	240 - 334	203 - 306	273 - 377	133 - 236	170 - 273	190 - 293
Max StatsBeneficial Nature	Lv. 100	220 - 314	157 - 260	192 - 295	75 - 179	82 - 185	67 - 170
Max StatsBeneficial Nature	Lv. 100	300 - 394	262 - 366	410 - 513	102 - 205	106 - 210	67 - 170
Max StatsBeneficial Nature	Lv. 100	190 - 284	71 - 174	82 - 185	104 - 207	93 - 196	126 - 229
Max StatsBeneficial Nature	Lv. 100	280 - 374	159 - 262	181 - 284	218 - 322	181 - 284	276 - 379
Max StatsBeneficial Nature	Lv. 100	362 - 456	293 - 397	214 - 317	293 - 397	221 - 324	223 - 326
Max StatsBeneficial Nature	Lv. 100	362 - 456	293 - 397	214 - 317	293 - 397	221 - 324	223 - 326
Max StatsBeneficial Nature	Lv. 100	326 - 420	225 - 328	271 - 375	183 - 287	214 - 317	214 - 317
Max StatsBeneficial Nature	Lv. 100	210 - 304	225 - 328	335 - 438	225 - 328	335 - 438	115 - 218
Max StatsBeneficial Nature	Lv. 100	270 - 364	247 - 350	137 - 240	335 - 438	291 - 394	159 - 262
Max StatsBeneficial Nature	Lv. 100	270 - 364	247 - 350	269 - 372	291 - 394	203 - 306	159 - 262
Max StatsBeneficial Nature	Lv. 100	246 - 340	126 - 229	126 - 229	115 - 218	115 - 218	97 - 201
Max StatsBeneficial Nature	Lv. 100	266 - 360	170 - 273	170 - 273	159 - 262	159 - 262	119 - 223
Max StatsBeneficial Nature	Lv. 100	266 - 360	240 - 344	170 - 273	225 - 328	225 - 328	159 - 262
Max StatsBeneficial Nature	Lv. 100	200 - 294	148 - 251	93 - 196	137 - 240	93 - 196	159 - 262
Max StatsBeneficial Nature	Lv. 100	240 - 334	192 - 295	115 - 218	181 - 284	115 - 218	203 - 306
Max StatsBeneficial Nature	Lv. 100	300 - 394	258 - 361	203 - 306	181 - 284	203 - 306	137 - 240
Max StatsBeneficial Nature	Lv. 100	210 - 304	124 - 227	124 - 227	150 - 254	128 - 232	93 - 196
Max StatsBeneficial Nature	Lv. 100	230 - 324	157 - 260	157 - 260	205 - 309	183 - 287	115 - 218
Max StatsBeneficial Nature	Lv. 100	270 - 364	168 - 271	168 - 271	282 - 386	260 - 364	137 - 240
Max StatsBeneficial Nature	Lv. 100	180 - 274	170 - 273	71 - 174	71 - 174	71 - 174	148 - 251
Max StatsBeneficial Nature	Lv. 100	220 - 314	192 - 295	115 - 218	93 - 196	115 - 218	170 - 273
Max StatsBeneficial Nature	Lv. 100	270 - 364	269 - 372	170 - 273	170 - 273	170 - 273	137 - 240
Max StatsBeneficial Nature	Lv. 100	206 - 300	159 - 262	71 - 174	71 - 174	71 - 174	104 - 207
Max StatsBeneficial Nature	Lv. 100	286 - 380	247 - 350	137 - 240	126 - 229	137 - 240	104 - 207
Max StatsBeneficial Nature	Lv. 100	204 - 298	141 - 245	104 - 207	126 - 229	104 - 207	106 - 210
Max StatsBeneficial Nature	Lv. 100	224 - 318	185 - 289	214 - 317	126 - 229	170 - 273	84 - 188
Max StatsBeneficial Nature	Lv. 100	264 - 358	159 - 262	203 - 306	324 - 427	170 - 273	100 - 203
Max StatsBeneficial Nature	Lv. 100	204 - 298	185 - 289	130 - 234	97 - 201	108 - 212	144 - 247
Max StatsBeneficial Nature	Lv. 100	304 - 398	295 - 399	174 - 278	141 - 245	152 - 256	100 - 203
Max StatsBeneficial Nature	Lv. 100	260 - 354	159 - 262	159 - 262	221 - 324	159 - 262	210 - 313
Max StatsBeneficial Nature	Lv. 100	190 - 284	104 - 207	93 - 196	126 - 229	93 - 196	190 - 293
Max StatsBeneficial Nature	Lv. 100	230 - 324	126 - 229	137 - 240	214 - 317	159 - 262	278 - 381
Max StatsBeneficial Nature	Lv. 100	200 - 294	148 - 251	93 - 196	71 - 174	93 - 196	137 - 240
Max StatsBeneficial Nature	Lv. 100	260 - 354	258 - 361	148 - 251	126 - 229	148 - 251	251 - 355
Max StatsBeneficial Nature	Lv. 100	200 - 294	49 - 152	49 - 152	60 - 163	60 - 163	93 - 196
Max StatsBeneficial Nature	Lv. 100	210 - 304	122 - 225	141 - 245	100 - 203	119 - 223	104 - 207
Max StatsBeneficial Nature	Lv. 100	210 - 304	144 - 247	339 - 443	122 - 225	317 - 421	82 - 185
Max StatsBeneficial Nature	Lv. 100	250 - 344	225 - 328	159 - 262	104 - 207	126 - 229	104 - 207
Max StatsBeneficial Nature	Lv. 100	310 - 404	280 - 383	225 - 328	126 - 229	192 - 295	82 - 185
Max StatsBeneficial Nature	Lv. 100	186 - 280	93 - 196	119 - 223	93 - 196	163 - 267	64 - 168
Max StatsBeneficial Nature	Lv. 100	246 - 340	159 - 262	207 - 311	115 - 218	295 - 399	97 - 201
Max StatsBeneficial Nature	Lv. 100	190 - 284	126 - 229	82 - 185	115 - 218	82 - 185	82 - 185
Max StatsBeneficial Nature	Lv. 100	250 - 344	236 - 339	203 - 306	181 - 284	203 - 306	104 - 207
Max StatsBeneficial Nature	Lv. 100	190 - 284	82 - 185	126 - 229	148 - 251	170 - 273	38 - 141
Max StatsBeneficial Nature	Lv. 100	230 - 324	104 - 207	181 - 284	203 - 306	225 - 328	71 - 174
Max StatsBeneficial Nature	Lv. 100	206 - 300	102 - 205	93 - 196	161 - 265	93 - 196	174 - 278
Max StatsBeneficial Nature	Lv. 100	246 - 340	146 - 249	137 - 240	249 - 353	137 - 240	262 - 366
Max StatsBeneficial Nature	Lv. 100	250 - 344	170 - 273	115 - 218	104 - 207	115 - 218	115 - 218
Max StatsBeneficial Nature	Lv. 100	350 - 444	280 - 383	181 - 284	126 - 229	137 - 240	137 - 240
Max StatsBeneficial Nature	Lv. 100	194 - 288	71 - 174	89 - 192	71 - 174	89 - 192	75 - 179
Max StatsBeneficial Nature	Lv. 100	214 - 308	93 - 196	111 - 214	93 - 196	111 - 214	141 - 245
Max StatsBeneficial Nature	Lv. 100	254 - 348	269 - 372	221 - 324	115 - 218	221 - 324	163 - 267
Max StatsBeneficial Nature	Lv. 100	212 - 306	119 - 223	203 - 306	185 - 289	247 - 350	225 - 328
Max StatsBeneficial Nature	Lv. 100	290 - 384	137 - 240	181 - 284	203 - 306	247 - 350	137 - 240
Max StatsBeneficial Nature	Lv. 100	310 - 404	269 - 372	203 - 306	93 - 196	137 - 240	181 - 284
Max StatsBeneficial Nature	Lv. 100	160 - 254	82 - 185	93 - 196	49 - 152	71 - 174	181 - 284
Max StatsBeneficial Nature	Lv. 100	260 - 354	280 - 383	313 - 416	137 - 240	203 - 306	93 - 196
Max StatsBeneficial Nature	Lv. 100	220 - 314	126 - 229	181 - 284	159 - 262	104 - 207	38 - 141
Max StatsBeneficial Nature	Lv. 100	280 - 374	170 - 273	247 - 350	225 - 328	170 - 273	82 - 185
Max StatsBeneficial Nature	Lv. 100	220 - 314	137 - 240	291 - 394	71 - 174	291 - 394	16 - 119
Max StatsBeneficial Nature	Lv. 100	300 - 394	214 - 317	214 - 317	214 - 317	214 - 317	135 - 238
Max StatsBeneficial Nature	Lv. 100	300 - 394	214 - 317	214 - 317	214 - 317	214 - 317	214 - 317
Max StatsBeneficial Nature	Lv. 100	230 - 324	137 - 240	225 - 328	137 - 240	225 - 328	137 - 240
Max StatsBeneficial Nature	Lv. 100	240 - 334	258 - 361	148 - 251	170 - 273	214 - 317	148 - 251
Max StatsBeneficial Nature	Lv. 100	230 - 324	177 - 280	302 - 405	205 - 309	192 - 295	84 - 188
Max StatsBeneficial Nature	Lv. 100	240 - 334	221 - 324	144 - 247	93 - 196	166 - 269	216 - 320
Max StatsBeneficial Nature	Lv. 100	220 - 314	203 - 306	181 - 284	115 - 218	236 - 339	216 - 320
Max StatsBeneficial Nature	Lv. 100	246 - 340	236 - 339	159 - 262	159 - 262	159 - 262	207 - 311
Max StatsBeneficial Nature	Lv. 100	266 - 360	137 - 240	192 - 295	302 - 405	205 - 309	84 - 188
Max StatsBeneficial Nature	Lv. 100	250 - 344	293 - 397	225 - 328	194 - 298	203 - 306	93 - 196
Max StatsBeneficial Nature	Lv. 100	200 - 294	126 - 229	148 - 251	104 - 207	104 - 207	104 - 207
Max StatsBeneficial Nature	Lv. 100	220 - 314	170 - 273	203 - 306	148 - 251	159 - 262	148 - 251
Max StatsBeneficial Nature	Lv. 100	260 - 354	247 - 350	280 - 383	225 - 328	236 - 339	192 - 295
Max StatsBeneficial Nature	Lv. 100	250 - 344	258 - 361	192 - 295	214 - 317	170 - 273	291 - 394
Max StatsBeneficial Nature	Lv. 100	250 - 344	192 - 295	170 - 273	291 - 394	258 - 361	214 - 317
Max StatsBeneficial Nature	Lv. 100	250 - 344	291 - 394	258 - 361	192 - 295	214 - 317	170 - 273
Max StatsBeneficial Nature	Lv. 100	250 - 344	170 - 273	258 - 361	214 - 317	291 - 394	192 - 295
Max StatsBeneficial Nature	Lv. 100	196 - 290	69 - 172	73 - 177	69 - 172	73 - 177	86 - 190
Max StatsBeneficial Nature	Lv. 100	196 - 290	69 - 172	293 - 397	69 - 172	293 - 397	86 - 190
Max StatsBeneficial Nature	Lv. 100	384 - 478	306 - 410	240 - 344	254 - 357	201 - 304	218 - 322
Max StatsBeneficial Nature	Lv. 100	384 - 478	254 - 357	201 - 304	306 - 410	240 - 344	218 - 322
Max StatsBeneficial Nature	Lv. 100	328 - 422	122 - 225	108 - 212	284 - 388	293 - 397	232 - 335
Max StatsBeneficial Nature	Lv. 100	324 - 418	311 - 414	311 - 414	122 - 225	122 - 225	179 - 282
Max StatsBeneficial Nature	Lv. 100	252 - 346	306 - 410	86 - 190	306 - 410	86 - 190	337 - 441
Max StatsBeneficial Nature	Lv. 100	276 - 370	201 - 304	161 - 265	386 - 489	161 - 265	188 - 291
Max StatsBeneficial Nature	Lv. 100	304 - 398	227 - 331	232 - 335	240 - 344	227 - 331	139 - 243
Max StatsBeneficial Nature	Lv. 100	228 - 322	403 - 507	293 - 397	135 - 238	73 - 177	245 - 348
Max StatsBeneficial Nature	Lv. 100	556 - 650	227 - 331	122 - 225	218 - 322	122 - 225	100 - 203
Max StatsBeneficial Nature	Lv. 100	304 - 398	240 - 344	227 - 331	284 - 388	201 - 304	179 - 282
Max StatsBeneficial Nature	Lv. 100	270 - 364	214 - 317	258 - 361	291 - 394	258 - 361	148 - 251
Max StatsBeneficial Nature	Lv. 100	290 - 384	280 - 383	181 - 284	203 - 306	203 - 306	280 - 383
Max StatsBeneficial Nature	Lv. 100	244 - 338	166 - 269	152 - 256	166 - 269	152 - 256	166 - 269
Max StatsBeneficial Nature	Lv. 100	256 - 350	166 - 269	166 - 269	284 - 388	166 - 269	271 - 375
Max StatsBeneficial Nature	Lv. 100	232 - 326	293 - 397	469 - 573	122 - 225	227 - 331	34 - 137
Max StatsBeneficial Nature	Lv. 100	216 - 310	284 - 388	122 - 225	337 - 441	179 - 282	240 - 344
Max StatsBeneficial Nature	Lv. 100	286 - 380	251 - 355	170 - 273	229 - 333	181 - 284	320 - 423
Max StatsBeneficial Nature	Lv. 100	No Candy	202 - 233	148 - 200	148 - 200	126 - 176	82 - 127
Max StatsBeneficial Nature	Lv. 100	Candy	202 - 433	148 - 400	148 - 400	126 - 376	82 - 327
Max StatsBeneficial Nature	Lv. 100	No Candy	380 - 411	320 - 389	320 - 389	181 - 236	148 - 200
Max StatsBeneficial Nature	Lv. 100	Candy	380 - 611	320 - 589	320 - 589	181 - 436	148 - 400
